ลำดับที่,เดือน,วันที่เกิดเหตุ,เวลา,ขบวนรถ,เส้นทาง,สถานีที่เกิดเหตุขัอง,ระยะเวลาล่าช้า (นาที),ผู้ให้บริการ,สาเหตุ,รายละเอียด
1,มกราคม,1 ม.ค. 21,14:33 น.,49,สายสีน้ำเงิน,พหลโยธิน ,2,BEM,ระบบเบรก,14.33 น. ขบวนรถไฟฟ้าหมายเลข 49 เกิดเหตุระบบแรงดันลมขัดข้อง จำนวน 1 ขบวน ที่สถานีพหลโยธิน ฝั่งขาขึ้น (ปลายทางสถานีท่าพระ) ดำเนินการถอนรถออกจากการให้บริการ ล่าช้า 2 นาที โดยมีขบวนรถให้บริการทดแทน สถานีได้ประชาสัมพันธ์ให้ผู้โดยสารรับทราบ
2,มกราคม,11 ม.ค. 21,18.56 น.,56,สายสีเขียว,ห้าแยกลาดพร้าว - สถานีพหลโยธิน 24,-,BTS,ระบบอาณัติสัญญาณและการควบคุม,เวลา 18.56 น. ระบบอาณัติสัญญาณของขบวนรถไฟฟ้าหมายเลข 56 ขัดข้อง ระหว่างสถานีห้าแยกลาดพร้าวกับสถานีพหลโยธิน 24 ฝั่งมุ่งหน้าสถานีปลายทางคูคต ไม่สามารถแก้ไขได้ ทำการเปลี่ยนถ่ายผู้โดยสารที่สถานีพหลโยธิน 24 และ นำออกจากการให้บริการ
3,มกราคม,12 ม.ค. 21,06.15 น.,80,สายสีเขียว,วัดพระศรีมหาธาตุ,-,BTS,ระบบเบรก,เวลา 06.15 น. ขบวนรถไฟฟ้าหมายเลข 80 ระบบเบรคขัดข้องที่สถานีวัดระศรีมหาธาตุ ฝั่งมุ่งหน้าสถานีปลายทางเคหะฯ ทำให้ขบวนรถไฟฟ้าไม่สามารถเคลื่อนที่ให้บริการต่อได้ เพื่อความปลอดภัยในการให้บริการ จึงทำการเปลี่ยนถ่ายผดส. และ นำออกจากการให้บริการ
4,มกราคม,13 ม.ค. 21,06.15 น.,Express04,สาย ARL,พญาไท,-,SRTET,ระบบจ่ายไฟฟ้าขับเคลื่อน,เวลา 06.15 น. รถไฟฟ้า Express04 ระบบไฟฟ้าของขบวนรถขัดข้องที่สถานีปลายทางพญาไท ดำเนินการถอนรถออกจากการให้บริการ โดยมีขบวนรถให้บริการทดแทน
5,มกราคม,19 ม.ค. 21,11.19 น.,-,สายสีทอง,กรุงธนบุรี-คลองสาน,-,BTS,ระบบจ่ายไฟฟ้าขับเคลื่อน,เวลา 11:19 น. (รถไฟฟ้าสายสีทอง) ระบบจ่ายกระแสไฟฟ้าขัดข้องระหว่างสถานีกรุงธนบุรี ถึงสถานีคลองสาน ส่งผลให้ขบวนรถไฟฟ้าทุกขบวนไม่สามารถเคลื่อนที่ได้ จากนั้นปรับรูปแบบการเดินรถ โดยจัดรถไฟฟ้าวิ่งให้บริการจากสถานีกรุงธนบุรี ถึงสถานีคลองสาน โดยใช้ชานชาลาฝั่งมุ่งหน้าสถานีคลองสานฝั่งเดียวในการให้บริการ
6,มกราคม,20 ม.ค. 21,15.00 น.,33,สายสีน้ำเงิน,จรัญฯ 13,5,BEM,ระบบอาณัติสัญญาณและการควบคุม,เวลา 15.00 น. ขบวนรถไฟฟ้าหมายเลข 33 เกิดเหตุระบบขับเคลื่อนรถไฟฟ้าอัตโนมัติขัดข้อง จำนวน 1 ขบวน ที่สถานีจรัญฯ 13 ฝั่งขาล่อง (ปลายทางสถานีหลักสอง) ดำเนินการถอนรถออกจากการให้บริการ ล่าช้า 5 นาที โดยมีขบวนรถให้บริการทดแทน
7,มกราคม,25 ม.ค. 21,09.56 น.,53,สายสีน้ำเงิน,อิสรภาพ,5,BEM,ระบบประตู,"เวลา 9.56 น. ขบวนรถไฟฟ้าหมายเลข 53 เกิดเหตุประตูรถไฟฟ้าขัดข้อง จำนวน 1 ขบวน ที่สถานีอิสรภาพ ฝั่งขาล่อง (ปลายทางสถานีหลักสอง) ดำเนินการถอนรถออกจากการให้บริการ ล่าช้า 5 นาที โดยมีขบวนรถให้บริการทดแทน
- สถานีได้ประชาสัมพันธ์ให้ผู้โดยสารรับทราบ"
8,มกราคม,26 ม.ค. 21,20.24 น.,-,สายสีทอง,เจริญนคร-คลองสาน,-,BTS,จุดสับราง,"20.24 น. รถไฟฟ้าสายสีทอง จุดสับรางขัดข้องระหว่างสถานีเจริญนครกับสถานีปลายทางคลองสาน กำลังทำการแก้ไข ศูนย์ควบคุมการเดินรถยังคงจัดรถไฟฟ้าวิ่งให้บริการระหว่างสถานีกรุงธนบุรีกับสถานีเจริญนคร และปิดสถานีคลองสานชั่วคราว
- 22:10 น. จุดสับรางขัดข้องระหว่างสถานีเจริญนครกับสถานีปลายทางคลองสาน ได้รับการแก้ไขเรียบร้อย, ศูนย์ควบคุมการเดินรถจัดรถไฟฟ้าวิ่งให้บริการระหว่างสถานีกรุงธนบุรีถึงสถานีปลายทางคลองสาน และสถานีคลองสานสามารถเปิดให้บริการได้ตามปกติ
- 23:25 น.จุดสับรางขัดข้องระหว่างสถานีเจริญนครกับสถานีปลายทางคลองสานไม่สามารถแก้ไขได้ ศูนย์ควบคุมการเดินรถยังคงจัดรถไฟฟ้าวิ่งให้บริการระหว่างสถานีกรุงธนบุรีกับสถานีเจริญนคร และปิดสถานีคลองสาน จนถึงเวลาปิดให้บริการ และในวันที่ 27-30 ม.ค.64 เวลา 06.00-24.00 น. รถไฟฟ้าสายสีทองปรับรูปแบบการเดินรถ โดยจัดรถไฟฟ้าวิ่งให้บริการจากสถานีกรุงธนบุรีถึงสถานีคลองสาน โดยใช้ชานชาลาฝั่งมุ่งหน้าสถานีคลองสานฝั่งเดียวในการให้บริการและต่อมาวันที่ 31 ม.ค.64- 2 ก.พ.64  เวลา 06.00-24.00 น. รถไฟฟ้าสายสีทองมีขบวนรถไฟฟ้า 1 ขบวนจากสถานีกรุงธนบุรีถึงสถานีคลองสาน โดยใช้ชานชาลาทั้ง 2 ฝั่งในการให้บริการ "
9,กุมภาพันธ์,1 ก.พ. 21,09.59 น.,-,สายสีม่วง,บางซ่อน-เตาปูน,15,BEM,จุดสับราง,เวลา 09.59 ระหว่างสถานีบางซ่อนและสถานีเตาปูน  ฝั่งขาล่อง ประแจสับราง (Turnout) หมายเลข T1606 ก่อนถึงสถานีเตาปูนขัดข้อง ทำให้ขบวนรถไม่สามารถเคลื่อนที่ผ่านได้ ต่อมา10.13 น. รถไฟฟ้าฝั่งขาล่องหยุดให้บริการชั่วคราวที่สถานีศูนย์ราชการนนทบุรี สถานีกระทรวงสาธารณสุข สถานีแยกติวานนท์ สถานีวงศ์สว่าง และสถานีบางซ่อน  ทำการแก้ไขโดยทำการปรับทิศทาง Turn out ไปยังทิศทาง normal และปรับตั้ง Speed Limit ช่วงก่อนเข้าสถานีเตาปูนไว้ไม่เกิน 20 Km/hr ขบวนรถสามารถเคลื่อนที่ผ่านได้ปกติเกิดความล่าช้าในการให้บริการ 15 นาที ต่อมา 10.18 น. ทีมช่างดำเนินการแก้ไขเรียบร้อย ให้บริการได้ตามปกติ
10,กุมภาพันธ์,4 ก.พ. 21,19.57 น.,City01,สาย ARL,รามคำแหง,5,SRTET, ระบบขับเคลื่อนรถไฟฟ้า ,"เวลา19:57 น. ขบวนรถ City01 เกิดระบบจ่ายไฟฟ้าขบวนรถขัดข้อง ขนถ่ายผู้โดยสารที่สถานีรามคำแหงฝั่งออกนอกเมืองและนำรถเสริมนอกตารางมาให้บริการแทนส่งผลให้รถล่าช้าจากตารางเวลา 5 นาที
-เวลา 20.35 น.รถไฟทุกขบวนให้บริการตรงตามตารางเดินรถ"
11,กุมภาพันธ์,5 ก.พ. 21,17.45 น.,13,สายสีน้ำเงิน,กำแพงเพชร,3,BEM, ระบบขับเคลื่อนรถไฟฟ้า ,เวลา 17.45 น. ขบวนรถไฟฟ้าหมายเลข 13 เกิดเหตุระบบจ่ายไฟฟ้าย่อยภายในขบวนรถขัดข้อง (Auxiliary Power Supply Fault) ที่สถานีกำแพงเพชร ฝั่งขาขึ้น (ปลายทางสถานีท่าพระ) ดำเนินการถอนรถออกจากการให้บริการ ล่าช้า 3 นาที โดยมีขบวนรถให้บริการทดแทน
12,กุมภาพันธ์,7 ก.พ. 21,15.51 น.,City02,สาย ARL,บ้านทับช้าง,10,SRTET, ระบบอาณัติสัญญาณและการควบคุม ,"เวลา 15.51 น. ที่สถานีบ้านทับช้าง ฝั่งขาออกนอกเมือง มีรถไฟ City02 หยุดจอดชั่วขณะ เนื่องจากมีการกดปุ่มหยุดรถไฟฉุกเฉิน ส่งผลให้รถไฟขบวนดังกล่าวล่าช้าจากตารางเดินรถ 10 นาที 
เวลา 16.39 น.รถไฟทุกขบวนให้บริการตรงตามตารางเดินรถ"
13,กุมภาพันธ์,8 ก.พ. 21,18.20 น.,46,สายสีเขียว,หมอชิต - ห้าแยกลาดพร้าว,-,BTS,ไม่ทราบสาเหตุ,18.20 น. ขบวนรถไฟฟ้าหมายเลข46 ขัดข้องระหว่างสถานีหมอชิต กับ สถานีห้าแยกลาดพร้าว ฝั่งมุ่งหน้าสถานีปลายทางคูคต ทำให้ขบวนรถไฟฟ้าไม่สามารถเคลื่อนที่ให้บริการต่อได้ เพื่อความปลอดภัยในการให้บริการ จึงทำการเปลี่ยนถ่ายผดส. และ นำออกจากการให้บริการ
14,กุมภาพันธ์,10 ก.พ. 21,07.54 น.,10,สายสีเขียว,หมอชิต,10,BTS, ระบบเบรก ,07.54 น. ขบวนรถไฟฟ้าหมายเลข 10 ระบบเบรกขัดข้องที่สถานีหมอชิต ฝั่งมุ่งหน้าสถานีปลายทางคูคต ต่อมา 08.10 น. ทำการแก้ไขเรียบร้อย การเดินรถสายสุขุมวิทสามารถเดินรถได้ตามปกติ
15,กุมภาพันธ์,12 ก.พ. 21,16.43 น.,City01,สาย ARL,-,-,SRTET, ระบบขับเคลื่อนรถไฟฟ้า ,เวลา 16.43 น.ขบวน CITY01 ฝั่งออกนอกเมือง เกิดแรงดันไฟแบตเตอรี่ต่ำไม่สามารถเคลื่อนขบวนรถได้ ทำการขนถ่ายผู้โดยสารออกจากขบวนรถ และย้ายมาใช้ชานชาลากลางฝั่งออกนอกเมืองในการรับ-ส่งผู้โดยสาร
16,กุมภาพันธ์,22 ก.พ. 21,22.41 น.,65,สายสีเขียว,วัดพระศรีมหาธาตุ,-,BTS, ระบบประตู ,22.41 ขบวนรถหมายเลข 65 ระบบประตูขัดข้องที่สถานีวัดพระศรีมหาธาตุ ฝั่งมุ่งหน้าสถานีปลายทางเคหะฯ แก้ไขไม่ได้ ทำการเปลี่ยนถ่ายผู้โดยสารและนำออกจากการให้บริการแล้ว การเดินรถในสายสุขุมวิท สามารถเดินรถได้ตามปกติ
17,กุมภาพันธ์,23 ก.พ. 21,20.05 น.,40,สายสีน้ำเงิน,บางแค,2,BEM, ระบบเบรก ,20.05 น. ขบวนรถไฟฟ้าหมายเลข 40 เกิดเหตุระบบแรงดันลมขัดข้อง ที่สถานีบางแค ฝั่งขาขึ้น (ปลายทางสถานีท่าพระ) ดำเนินการถอนรถออกจากการให้บริการ ล่าช้า 2 นาที โดยไม่มีขบวนรถให้บริการแทน เนื่องจากเป็นขบวนรถสิเนสุดการให้บริการหลังชั่วโมงเร่งด่วนเย็น
18,กุมภาพันธ์,24 ก.พ. 21,17.23 น.,49,สายสีเขียว,ห้าแยกลาดพร้าว- หมอชิต,-,BTS, ระบบขับเคลื่อนรถไฟฟ้า ,17.23-17.35 น. ขบวนรถไฟฟ้าหมายเลข 49 ระบบขับเคลื่อนขัดข้องระหว่างสถานีห้าแยกลาดพร้าวและสถานีหมอชิต ฝั่งมุ่งหน้าสถานีปลายทางเคหะฯ และ ทำการแก้ไขได้เรียบร้อย ทำให้ช่วงเวลาดังกล่าวเกิดความล่าช้าในสายสุขุมวิท
19,กุมภาพันธ์,25 ก.พ. 21,13.51 น.,40,สายสีเขียว,หมอชิต - สะพานควาย,-,BTS, ระบบเบรก ,"13.51ขบวนรถหมายเลข40 ระบบเบรคขัดข้องระหว่างสถานีหมอชิตกับสถานีสะพานควาย ฝั่งมุ่งหน้าสถานีปลายทางเคหะฯ ไม่สามารถทำการแก้ไขได้ ให้ทำการเปลี่ยนถ่ายผู้โดยสาร และนำออกจากการให้บริการ
- 14.06 การเดินรถในสายสุขุมวิทสามารถเดินรถได้ตามปกติ"
20,มีนาคม,26 ก.พ. 21,12.12 น.,9,สายสีน้ำเงิน,จรัญฯ13,3,BEM, ระบบขับเคลื่อนรถไฟฟ้า ,เวลา 12.12 น. ขบวนรถไฟฟ้าหมายเลข 09 เกิดเหตุระบบขับเคลื่อนรถไฟฟ้าอัตโนมัติขัดข้อง จำนวน 1 ขบวน ที่สถานีจรัญฯ13 ฝั่งขาล่อง (ปลายทางสถานีหลักสอง) ดำเนินการถอนรถออกจากการให้บริการ ล่าช้า 3 นาที โดยมีขบวนรถให้บริการทดแทน
21,มีนาคม,2 มี.ค. 21,21.05 น.,Express04,สาย ARL,สุวรรณภูมิ,-,SRTET, ระบบขับเคลื่อนรถไฟฟ้า ,เวลา 21.05 น. ยกเลิก รถไฟ 1 เที่ยว ขาเข้าเมือง รอบเวลา 21.00 น. ที่สถานีสุวรรณภูมิ เนื่องจากรถไฟฟ้า Express 04 ขัดข้อง ไม่สามารถเปิดระบบรถไฟฟ้าได้ และ นำรถไฟ City 02 มาให้บริการแทน ที่สถานีมักกะสันฝั่งขาเข้าเมือง
22,มีนาคม,3 มี.ค. 21,06.13 น.,19,สายสีน้ำเงิน,ลาดพร้าว,2,BEM, ระบบประตู ,เวลา 6.13 น. ขบวนรถไฟฟ้าหมายเลข 19 เกิดเหตุประตูรถไฟฟ้าขัดข้อง ที่สถานีลาดพร้าว ฝั่งขาขึ้น (ปลายทางสถานีท่าพระ) ดำเนินการถอนรถออกจากการให้บริการ ล่าช้า 2 นาที โดยมีขบวนรถให้บริการทดแทน
23,มีนาคม,3 มี.ค. 21,08.52 น.,35,สายสีน้ำเงิน,ศูนย์วัฒนธรรม,3,BEM, ระบบอาณัติสัญญาณและการควบคุม ,เวลา 8.52 น. ขบวนรถไฟฟ้าหมายเลข 35 เกิดเหตุระบบอาณัติสัญญาณ (Signalling) ของขบวนรถไฟฟ้าขัดข้อง ที่สถานีศูนย์วัฒนธรรม ฝั่งขาขึ้น (ปลายทางสถานีท่าพระ) ดำเนินการถอนรถออกจากการให้บริการ ล่าช้า 3 นาที โดยมีขบวนรถให้บริการทดแทน
24,มีนาคม,4 มี.ค. 21,18.06 น.,Express04,สาย ARL,หัวหมาก,7,SRTET, ระบบเบรก ,เวลา 18.06 น.EX04 เกิดระบบเบรคขัดข้องทำการขนถ่ายผู้โดยสารที่สถานีหัวหมากชานชาลากลางฝั่งมุ่งหน้าเข้าเมือง รถไฟล่าช้าจากตารางเวลา 7 นาที
25,มีนาคม,5 มี.ค. 21,08.45 น.,20,สายสีเขียว,รัชโยธิน,-,BTS, ระบบประตู ,08.45 น. ขบวนรถไฟฟ้าหมายเลข 20 ระบบประตูขัดข้องที่สถานีรัชโยธิน ฝั่งมุ่งหน้าสถานีปลายทางคูคต ไม่สามารถทำการแก้ไขได้ ทำการเปลี่ยนถ่ายผู้โดยสาร และนำออกจากการให้บริการ
26,มีนาคม,6 มี.ค. 21,07.27 น.,28,สายสีน้ำเงิน,บางแค,2,BEM, ระบบเบรก , เวลา 07.27 น. ขบวนรถไฟฟ้าหมายเลข 28 เกิดเหตุระบบแรงดันลมขัดข้อง จำนวน 1 ขบวน ที่สถานีบางแค ฝั่งขาขึ้น (ปลายทางสถานีท่าพระ) ดำเนินการถอนรถออกจากการให้บริการ ล่าช้า 2 นาที โดยมีขบวนรถให้บริการทดแทน
27,มีนาคม,6 มี.ค. 21,10.57 น.,38,สายสีน้ำเงิน,บางแค,2,BEM, ระบบเบรก ,"เวลา 10.57 น. ขบวนรถไฟฟ้าหมายเลข 38 เกิดเหตุระบบแรงดันลมขัดข้อง จำนวน 1 ขบวน ที่สถานีบางแค ฝั่งขาขึ้น (ปลายทางสถานีท่าพระ) ดำเนินการถอนรถออกจากการให้บริการ ล่าช้า 2 นาที โดยมีขบวนรถให้บริการทดแทน
- สถานีได้ประชาสัมพันธ์ให้ผู้โดยสารรับทราบ"
28,มีนาคม,8 มี.ค. 21,07.22 น.,44,สายสีเขียว,เอกมัย,-,BTS, ระบบขับเคลื่อนรถไฟฟ้า ,"07:22 ขบวนรถไฟฟ้าหมายเลข 44 ระบบขับเคลื่อนขัดข้องที่สถานีเอกมัย ฝั่งมุ่งหน้าสถานีปลายทางเคหะฯ, ไม่สามารถแก้ไขได้, ทำการเปลี่ยนถ่ายผู้โดยสารจากนั้นนำออกจาการให้บริการ"
29,มีนาคม,8 มี.ค. 21,06.35 น.,47,สายสีน้ำเงิน,หลักสอง,5,BEM, ระบบเบรก ,เวลา 6.35 น. ขบวนรถไฟฟ้าหมายเลข 47 เกิดเหตุระบบแรงดันลมขัดข้อง จำนวน 1 ขบวน ที่สถานีหลักสอง ฝั่งขาขึ้น (ปลายทางสถานีท่าพระ) ดำเนินการถอนรถออกจากการให้บริการ ล่าช้า 5 นาที โดยมีขบวนรถให้บริการทดแทน
30,มีนาคม,9 มี.ค. 21,09.30 น.,20,สายสีเขียว,สะพานตากสิน,-,BTS, ระบบประตู ,"09:30  ขบวนรถหมายเลข20 ประตูขัดข้องที่สถานีสะพานตากสิน ฝั่งมุ่งหน้าสถานีปลายทางสนามกีฬาแห่งชาติ, ไม่สามารถแก้ไขได้, ทำการเปลี่ยนถ่ายผู้โดยสารจากนั้นนำออกจาการให้บริการ"
31,มีนาคม,12 มี.ค. 21,18.48 น.,12,สายสีน้ำเงิน,สุทธิสาร,5,BEM, ระบบประตู ,เวลา 18.48 น. ขบวนรถไฟฟ้าหมายเลข 12 เกิดเหตุประตูรถไฟฟ้าขัดข้อง ที่สถานีสุทธิสาร ฝั่งขาล่อง (ปลายทางสถานีหลักสอง) ดำเนินการถอนรถออกจากการให้บริการ ล่าช้า 2 นาที โดยมีขบวนรถให้บริการทดแทน สถานีได้ประชาสัมพันธ์ให้ผู้โดยสารรับทราบ
32,มีนาคม,13 มี.ค. 21,17.35 น.,City05,สาย ARL,ลาดกระบัง,-,SRTET, ระบบขับเคลื่อนรถไฟฟ้า ,เวลา 17:35 น. เกิดเหตุรถไฟฟ้า City05 TN100126 เกิดระบบขับเคลื่อนขัดข้อง ก่อนเข้าสถานีลาดกระบัง (ฝั่งขาออกนอกเมือง) ทำการขนถ่ายผู้โดยสารออกจากขบวนรถที่สถานีสุวรรณภูมิ ยกเลิก 1 เที่ยว เวลา 17.44 น.นำรถไฟให้บริการทดแทน.
33,มีนาคม,13 มี.ค. 21,18.25 น.,22,สายสีน้ำเงิน,ห้วยขวาง,2,BEM, ระบบประตู ,เวลา 18.25 น. ขบวนรถไฟฟ้าหมายเลข 22 (ครั้งแรกแจ้งหมายเลข 05) เกิดเหตุประตูรถไฟฟ้าขัดข้อง ที่สถานีห้วยขวาง ฝั่งขาล่อง (ปลายทางสถานีหลักสอง) ดำเนินการถอนรถออกจากการให้บริการ ล่าช้า 2 นาที โดยมีขบวนรถให้บริการทดแทน สถานีได้ประชาสัมพันธ์ให้ผู้โดยสารรับทราบ
34,มีนาคม,16 มี.ค. 21,21.17 น.,8,สายสีน้ำเงิน,บางซื่อ,5,BEM, ระบบขับเคลื่อนรถไฟฟ้า ,เวลา 21.17 น. ขบวนรถไฟฟ้าหมายเลข 08 เกิดเหตุระบบขับเคลื่อนรถไฟฟ้าอัตโนมัติขัดข้อง จำนวน 1 ขบวน ที่สถานีบางซื่อ ฝั่งขาขึ้น (ปลายทางสถานีท่าพระ) ดำเนินการถอนรถออกจากการให้บริการ ล่าช้า 5 นาที โดยมีขบวนรถให้บริการทดแทน
35,มีนาคม,29 มี.ค. 21,06.38 น.,15,สายสีเขียว,เคหะฯ,-,BTS, ระบบประตู ,06.38 ขบวนรถไฟฟ้าหมายเลข 15 ประตูทางออกฉุกเฉินขัดข้อง และไม่สามารถแก้ไขได้ที่สถานีปลายทางเคหะฯ นำออกจากการให้บริการที่สถานีดังกล่าว
36,เมษายน,1 เม.ย. 21,20.10 น.,34,สายสีน้ำเงิน,ศูนย์วัฒนธรรมแห่งประเทศไทย,2,BEM, ระบบอาณัติสัญญาณและการควบคุม ,เวลา 20.10 น. ขบวนรถไฟฟ้าหมายเลข 34 เกิดเหตุระบบอาณัติสัญญาณของขบวนรถขัดข้อง ที่สถานีศูนย์วัฒนธรรมแห่งประเทศไทย ฝั่งขาล่อง (ปลายทางสถานีหลักสอง) ดำเนินการถอนรถออกจากการให้บริการ ล่าช้า 2 นาที โดยมีขบวนรถให้บริการทดแทน
37,เมษายน,2 เม.ย. 21,09.41 น.,67,สายสีเขียว,โรงพยาบาลภูมิพลอดุลยเดช,7,BTS, ระบบประตู ,09.41 ขบวนรถหมายเลข 67 ประตูขัดข้อง ที่สถานีโรงพยาบาลภูมิพลอดุลยเดช ฝั่งมุ่งหน้าสถานีปลายทางคูคต ไม่สามารถแก้ไขได้ ทำการเปลี่ยนถ่ายผู้โดยสาร มีผลทำให้เกิดความล่าช้า 7 นาที
38,เมษายน,4 เม.ย. 21,13.18 น.,-,สายสีเขียว,แยก คปอ. -พิพิธภัณฑ์กองทัพอากาศ,-,BTS, วัสดุแปลกปลอม ,"13.18  เนื่องจากมีสิ่งกีดขวางเส้นทางการเดินรถระหว่างสถานีแยก คปอ.กับสถานีพิพิธภัณฑ์กองทัพอากาศ จึงปรับรูปแบบการเดินรถ  โดยจัดรถไฟฟ้าวิ่งให้บริการจากสถานีคูคตถึงสถานีปลายทางเคหะฯ ซึ่งสถานีสะพานใหม่ สถานีโรงพยาบาลภูมิพลอดุลยเดช และสถานีพิพิธภัณฑ์กองทัพอากาศ จะใช้ชานชาลาฝั่งมุ่งหน้าสถานีปลายทางคูคตฝั่งเดียวในการให้บริการ
   13.48 สิ่งกีดขวางเส้นทางการเดินรถระหว่างสถานีแยก คปอ.กับสถานีพิพิธภัณฑ์กองทัพอากาศ เจ้าหน้าที่ได้นำออกเรียบร้อย การเดินรถในสายสุขุมวิท สามารถเดินรถได้ตามปกติ"
39,เมษายน,5 เม.ย. 21,06.48 น.,50,สายสีเขียว,คูคต,-,BTS, ระบบเบรก ,"06.48 ขบวนรถไฟฟ้าหมายเลข 50 ระบบเบรกขัดข้องที่สถานีคูคต ฝั่งมุ่งหน้าสถานีปลายทางเคหะฯ ทำการแก้ไขเรียบร้อย และการเดินรถในสายสุขุมวิทสามารถเดินรถได้ตามปกติ
"
40,เมษายน,5 เม.ย. 21,08.51 น.,67,สายสีเขียว,สุรศักดิ์,-,BTS, ระบบอาณัติสัญญาณและการควบคุม ,"08.51 ขบวนรถไฟฟ้าหมายเลข 67 ระบบสื่อสารขัดข้องก่อนเข้าสถานีสุรศักดิ์ ฝั่งมุ่งหน้าสถานีปลายทางบางหว้า ศูนย์ควบคุมรถไฟฟ้าจึงทำการจัดเส้นทางการเดินรถให้อีกครั้ง, หลังจากนั้นขบวนรถสามารถเคลื่อนที่ได้ และการเดินรถในสายสีลมสามารถเดินรถได้ตามปกติ"
41,เมษายน,8 เม.ย. 21,10.15 น.,Express03,สาย ARL,สุวรรณภูมิ,5,SRTET, ระบบขับเคลื่อนรถไฟฟ้า ,เวลา 10.15 น. Express03 เกิดระบบขับเคลื่อนขัดข้องทำการขนถ่ายผู้โดยสารที่สถานีสุวรรณภูมิและมีรถไฟให้บริการทดแทน มีผลรถไฟล่าช้าจากตารางเวลา 5 นาที
42,เมษายน,9 เม.ย. 21,20.49 น.,30,สายสีน้ำเงิน,จตุจักร,2,BEM, ระบบขับเคลื่อนรถไฟฟ้า , เวลา 20.49 น. ขบวนรถไฟฟ้าหมายเลข 30 เกิดเหตุระบบขับเคลื่อนรถไฟฟ้าอัตโนมัติขัดข้อง จำนวน 1 ขบวน กำลังออกจากสถานี จตุจักร ฝั่งขาขึ้น (สถานีปลายทางท่าพระ) ดำเนินการถอนรถออกจากการให้บริการ ล่าช้า 2 นาที
43,เมษายน,10 เม.ย. 21,17..53 น.,-,สายสีเขียว,พิพิธภัณฑ์กองทัพอากาศ,-,BTS, วัสดุแปลกปลอม ,"17.53 เนื่องจากมีสิ่งกีดขวางเส้นทางการเดินรถที่สถานีพิพิธภัณฑ์กองทัพอากาศ ฝั่งมุ่งหน้าสถานีปลายทางคูคต จึงปรับรูปแบบการเดินรถ โดยจัดรถไฟฟ้าวิ่งให้บริการจากสถานีคูคตถึงสถานีปลายทางเคหะฯ ซึ่งสถานีคูคต สถานีแยก คปอ. สถานีพิพิธภัณฑ์กองทัพอากาศ สถานีโรงพยาบาลภูมิพลอดุลยเดช ใช้ชานชาลาฝั่งมุ่งหน้าสถานีปลายทางเคหะฯ ฝั่งเดียวในการให้บริการ
18.22 สิ่งกีดขวางเส้นทางการเดินรถที่สถานีพิพิธภัณฑ์กองทัพอากาศ ฝั่งมุ่งหน้าสถานีปลายทางคูคต เจ้าหน้าที่ทำการแก้ไขเรียบร้อย การเดินรถในสายสุขุมวิท สามารถเดินรถได้ตามปกติ"
44,เมษายน,12 เม.ย. 21,18.41 น.,40,สายสีเขียว,ตลาดพลู,-,BTS, ไม่ทราบสาเหตุ ,18.41 ขบวนรถหมายเลข 40 ขัดข้องที่สถานีตลาดพลู ฝั่งมุ่งหน้าสถานีปลายทางสนามกีฬาแห่งชาติ ทำการถ่ายผู้โดยสารที่สถานีและนำขบวนออกจากการให้บริการ
45,เมษายน,14 เม.ย. 21,07.17 น.,28,สายสีน้ำเงิน,ลุมพินี,1,BEM, ระบบเบรก ,"เวลา 7.17 น. ขบวนรถไฟฟ้าหมายเลข 28 เกิดเหตุระบบแรงดันลมขัดข้อง ที่สถานีลุมพินี ฝั่งขาขึ้น (ปลายทางสถานีท่าพระ) ดำเนินการถอนรถออกจากการให้บริการ ล่าช้า 1 นาที โดยมีขบวนรถให้บริการทดแทน
- สถานีได้ประชาสัมพันธ์ให้ผู้โดยสารรับทราบ"
46,เมษายน,21 เม.ย. 21,09.25 น.,-,สายสีเขียว,แยก คปอ.- คูคต,-,BTS, วัสดุแปลกปลอม ,09:25 เนื่องจากมีสิ่งกีดขวางราง ระหว่างสถานีแยก คปอ.กับสถานีปลายทางคูคต  เพื่อความปลอดภัยศูนย์ควบคุมการเดินรถ ปรับรูปแบบการเดินรถโดยมีรถวิ่งให้บริการจากสถานีคูคตถึงสถานีปลายทางเคหะฯ โดยสถานีแยก คปอ.ใช้ชานชาลาฝั่งมุ่งหน้าสถานีปลายทางเคหะฯ ฝั่งเดียวในการให้บริการ
47,เมษายน,22 เม.ย. 21,09.05 น.,19,สายสีเขียว,แบริ่ง,-,BTS, ระบบเบรก ,"09.05 ขบวนรถไฟฟ้าหมายเลข 19 ระบบความดันลมขัดข้องที่สถานีแบริ่ง ฝั่งมุ่งหน้าสถานีปลายทางคูคต
ไม่สามารถแก้ไขได้ ทำการเปลี่ยนถ่ายผู้โดยสาร หลังจากนั้นนำออกจากการให้บริการ"
48,เมษายน,23 เม.ย. 21,13.50 น.,34,สายสีน้ำเงิน,ศูนย์วัฒนธรรมฯ,2,BEM, ระบบอาณัติสัญญาณและการควบคุม ,"เวลา 13.50 น.ขบวนรถไฟฟ้าหมายเลข 34 เกิดเหตุระบบป้องกันการผิดพลาดของการเดินรถบนขบวนรถไฟฟ้าขัดข้อง Automatic Train Protection (ATP) Fault จำนวน 1 ขบวน ที่สถานีศูนย์วัฒนธรรมฯ ฝั่งขาขึ้น (ปลายทางสถานีท่าพระ) ดำเนินการถอนรถออกจากการให้บริการ ล่าช้า 2 นาที โดยมีขบวนรถให้บริการทดแทน
- สถานีได้ประชาสัมพันธ์ให้ผู้โดยสารรับทราบ"
49,เมษายน,25 เม.ย. 21,19.18 น.,10,สายสีเขียว,ปู่เจ้า,-,BTS, ไม่ทราบสาเหตุ ,19.18 ขบวนรถไฟฟ้าหมายเลข 10 ขัดข้องที่สถานีปู่เจ้า ฝั่งมุ่งหน้าสถานีปลายทางเคหะฯ ไม่สามารถแก้ไขได้ ทำการเปลี่ยนถ่ายผู้โดยสาร หลังจากนั้นนำออกจากการให้บริการ
50,เมษายน,26 เม.ย. 21,09.40 น.,47,สายสีน้ำเงิน,คลองเตย,2,BEM, ระบบเบรก ,"เวลา 9.40 น. ขบวนรถไฟฟ้าหมายเลข 47 เกิดเหตุระบบเบรกลมขัดข้อง จำนวน 1 ขบวน ที่สถานีคลองเตย ฝั่งขาล่อง (ปลายทางสถานีหลักสอง) ดำเนินการถอนรถออกจากการให้บริการ ล่าช้า 2 นาที ดำเนินการขนถ่าย (Detrain) ผู้โดยสารลงที่ชานชาลา
เกิดความล่าช้าในการให้บริการ 2 นาที โดยมีขบวนรถให้บริการทดแทนสถานีได้ประชาสัมพันธ์ให้ผู้โดยสารรับทราบ"
51,เมษายน,27 เม.ย. 21,07.35 น.,-,สาย ARL,สุวรรณภูมิ,5,SRTET, ระบบอาณัติสัญญาณและการควบคุม ,เวลา 07:35-08:50น. เกิดเหตุระบบอาณัติสัญญานขัดข้องก่อนเข้าสถานีสุวรรณภูมิ ส่งผลให้เฉพาะรถไฟฝั่งขาเข้าเมืองล่าช้าสะสม 5 นาที
52,เมษายน,27 เม.ย. 21,12.30 น., City01,สาย ARL,บ้านทับช้าง,10,SRTET, ระบบประตู ,"เวลา 12:30น. เกิดเหตุ City01 ระบบประตูรถไฟขัดข้อง ที่สถานีบ้านทับช้าง ฝั่งออกนอกเมือง ส่งผลให้รถไฟล่าช้าสะสม 10 นาที
"
53,เมษายน,27 เม.ย. 21,13.50 น.,City03,สาย ARL,สุวรรณภูมิ,-,SRTET, ระบบขับเคลื่อนรถไฟฟ้า ,เวลา 13:50น. เกิดเหตุ City03 ระบบขับเคลื่อนขัดข้อง ที่สถานีสุวรรณภูมิ ต้องยกเลิกการบริการรถไฟที่ออกจากสุวรรณภูมิที่เวลา 13:50 น. 1 เที่ยว
54,เมษายน,29 เม.ย. 21,07.55 น.,3,สายสีน้ำเงิน,สุทธิสาร,3,BEM, ระบบประตู ,"เวลา 7.55 น. ขบวนรถไฟฟ้าหมายเลข 03 เกิดเหตุประตูรถไฟฟ้าขัดข้อง ที่สถานีสุทธิสาร ฝั่งขาขึ้น (ปลายทางสถานีท่าพระ) ดำเนินการถอนรถออกจากการให้บริการ ล่าช้า 3 นาที โดยมีขบวนรถให้บริการทดแทน
- สถานีได้ประชาสัมพันธ์ให้ผู้โดยสารรับทราบ"
55,เมษายน,30 เม.ย. 21,06.45 น.,21,สายสีน้ำเงิน,บางหว้า,3,BEM, ระบบประตู ,"เวลา 6.45 น. ขบวนรถไฟฟ้าหมายเลข 21 เกิดเหตุประตูรถไฟฟ้าขัดข้อง ที่สถานีบางหว้า ฝั่งขาขึ้น (ปลายทางสถานีท่าพระ) ดำเนินการถอนรถออกจากการให้บริการ ล่าช้า 3 นาที โดยมีขบวนรถให้บริการทดแทน
- สถานีได้ประชาสัมพันธ์ให้ผู้โดยสารรับทราบ"
56,เมษายน,30 เม.ย. 21,17.37 น.,50,สายสีเขียว,บางหว้า, -,BTS, ระบบเบรก ,เวลา 17.37 น. ขบวนรถไฟฟ้าหมายเลข 50  นะบบเบรกขัดข้องที่สถานีบางหว้า ฝั่งมุ่งหน้าสถานีปลายทางสนามกีฬาแห่งชาติ ไม่สามารถทำการแก้ไขได้ ทำการเปลี่ยนถ่ายผู้โดยสาร และนำออกจากการให้บริการ ต่อมาเวลา 17.50 น. สายสีลมสามารถเดินรถได้ตามปกติ
57,พฤษภาคม,5 พ.ค. 21,08.50 น.,61,สายสีเขียว,วัดพระศรีมหาธาตุ,-,BTS, ระบบเบรก ,08:50 ขบวนรถไฟฟ้าหมายเลข 61 ระบบเบรกขัดข้องที่สถานีวัดพระศรีมหาธาตุ ฝั่งมุ่งหน้าสถานีปลายทางคูคต ทำการแก้ไขตามขั้นตอน และสามารถให้บริการได้ตามปกติ
58,พฤษภาคม,9 พ.ค. 21,-,33,สายสีเขียว,คูคต,-,BTS, ระบบเบรก ,"ขบวนรถหมายเลข 33 ระบบเบรกขัดข้องที่สถานีคูคต ฝั่งมุ่งหน้าสถานีปลายทางเคหะฯ, ไม่สามารถแก้ไขได้  หลังจากนั้นนำออกจากการให้บริการ"
59,พฤษภาคม,11 พ.ค. 21,12.20 น.,46,สายสีเขียว,คูคต,-,BTS, ไม่ทราบสาเหตุ ,12.20 ขบวนรถหมายเลข 46  ขัดข้องที่สถานีคูคต ฝั่งมุ่งหน้าสถานีปลายทางเคหะ ฯ ทำการแก้ไขตามขั้นตอน หลังจากนั้นให้บริการในสายสุขุมวิทตามปกติ
60,พฤษภาคม,11 พ.ค. 21,19.04 น.,62,สายสีเขียว,สำโรง,-,BTS, ระบบขับเคลื่อนรถไฟฟ้า ,19:04 ขบวนรถหมายเลข 62 ระบบขับเคลื่อนขัดข้อง ที่สถานีสำโรง ฝั่งมุ่งหน้าสถานีปลายทางเคหะฯ ไม่สามารถแก้ไขได้  หลังจากนั้นนำออกจากการให้บริการ
61,พฤษภาคม,13 พ.ค. 21,09.03 น.,Express04,สาย ARL,หัวหมาก,-,SRTET, ระบบขับเคลื่อนรถไฟฟ้า , 09.03 น. ที่สถานีหัวหมาก ฝั่งขาเข้าเมืองรถไฟ Express04 /TN310111 ระบบขับเคลื่อนขัดข้อง ทำการขนถ่ายผู้โดยสารออกจากขบวนรถที่สถานีพญาไท ยกเลิก รถไฟ TN100112 เที่ยวที่จะออกจากสถานี พญาไท (09.20 น.) ไม่มีให้บริการ สถานีที่ได้รับผลกระทบได้แก่ สถานีพญาไท และสถานีราชปรารภ ฝั่งขาออกนอกเมือง และมีรถไฟทดแทนโดยเริ่มให้บริการเวลา 09.24 น. ที่สถานีมักกะสันฝั่งขาออกนอกเมือง
62,พฤษภาคม,14 พ.ค. 21,06.05 น.,Express04,สาย ARL,ราชปรารภ ,-,SRTET, ระบบขับเคลื่อนรถไฟฟ้า ," 06.05 น. ที่สถานีราชปรารภ ฝั่งขาเข้าเมืองรถไฟ Express04 /TN290502 ระบบขับเคลื่อนขัดข้อง ทำการขนถ่ายผู้โดยสารออกจากขบวนรถที่สถานีพญาไท ยกเลิก รถไฟ TN100502 เที่ยวที่จะออกจากสถานี พญาไท (06.09 น.) ไม่มีให้บริการ สถานีที่ได้รับผลกระทบได้แก่ สถานีพญาไท,สถานีราชปรารภ และ สถานีมักกะสัน ฝั่งขาออกนอกเมือง และมีรถไฟทดแทนโดยเริ่มให้บริการเวลา 06.16 น. ที่สถานีรามคำแหงฝั่งขาออกนอกเมือง"
63,พฤษภาคม,19 พ.ค. 21,19.50 น.,-,สาย ARL,-,-,SRTET, ระบบขับเคลื่อนรถไฟฟ้า ,เวลา 19.50-22.30 น.เนื่องจากมีขบวนรถไฟฟ้าเกิดระบบขับเคลื่อนขัดข้อง จึงเปลี่ยนตารางเดินรถจาก Headway 15 นาที เป็น Headway 20 นาที
64,พฤษภาคม,19 พ.ค. 21,16.48 น.,10,สายสีน้ำเงิน,บางหว้า,3,BEM, ระบบอาณัติสัญญาณและการควบคุม ,เวลา 16.48 น. ขบวนรถไฟฟ้าหมายเลข 10 เกิดเหตุระบบป้องกันการผิดพลาดของการเดินรถบนขบวนรถไฟฟ้าขัดข้อง Automatic Train Protection (ATP) Fault จำนวน 1 ขบวน ที่สถานีบางหว้า ฝั่งขาล่อง (ปลายทางสถานีหลักสอง) ดำเนินการถอนรถออกจากการให้บริการ ล่าช้า 3 นาที โดยมีขบวนรถให้บริการทดแทน
65,พฤษภาคม,24 พ.ค. 21,18.20 น.,21,สายสีเขียว,ห้าแยกลาดพร้าว,-,BTS, ระบบอาณัติสัญญาณและการควบคุม ,"18.20 ขบวนรถหมายเลข 21 ระบบอาณัติสัญญาณขัดข้องที่สถานีห้าแยกลาดพร้าว ฝั่งมุ่งหน้าสถานีปลายทางเคหะฯ, ไม่สามารถแก้ไขได้, ทำการเปลี่ยนถ่ายผู้โดยสาร และนำออกจากการให้บริการ"
66,พฤษภาคม,27 พ.ค. 21,21.15 น.,76,สายสีเขียว,พร้อมพงษ์ - อโศก,-,BTS, ระบบประตู ,21.15 ขบวนรถไฟฟ้าหมายเลข76 ระบบประตูขัดข้องระหว่างสถานีพร้อมพงษ์ กับสถานีอโศก ฝั่งมุ่งหน้าสถานีปลายทางคูคต  ทำการเปลี่ยนถ่ายผู้โดยสาร ที่สถานีอโศก ฝั่งมุ่งหน้าสถานีปลายทางคูคต
67,พฤษภาคม,31 พ.ค. 21,08.58 น.,16,สายสีเขียว,ชิดลม ,-,BTS, ระบบเบรก ,08.58 ขบวนรถไฟฟ้าหมายเลข16 ระบบเบรกขัดข้องที่สถานีชิดลม  ฝั่งมุ่งหน้าสถานีปลายทางเคหะฯ ทำการแก้ไขตามขั้นตอน จากนั้นขบวนรถเคลื่อนที่ให้บริการได้ตามปกติ
68,พฤษภาคม,31 พ.ค. 21,19.13 น.,24,สายสีน้ำเงิน,สุขุมวิท,1,BEM, ระบบเบรก ,ขบวนรถไฟฟ้าหมายเลข 24 เกิดเหตุระบบแรงดันลมขัดข้อง จำนวน 1 ขบวน ที่สถานีสุขุมวิท ฝั่งขาล่อง (ปลายทางสถานีหลักสอง) ดำเนินการถอนรถออกจากการให้บริการ ล่าช้า 1 นาที โดยมีขบวนรถให้บริการทดแทน
69,มิถุนายน,1 มิ.ย. 21,10.58 น.,-,สายสีทอง,กรุงธนบุรี - เจริญนคร,-,BTS, วัสดุแปลกปลอม ,10.58 เนื่องจากมีอุปกรณ์ในรางกีดขวางเส้นทางการเดินรถไฟฟ้าสายสีทอง ระหว่างสถานีกรุงธนบุรี กับสถานีเจริญนคร ศูนย์ควบคุมการเดินรถหยุดการเดินรถวิ่งให้บริการระหว่างสถานีกรุงธนบุรีถึงสถานีปลายทางคลองสาน เพื่อให้เจ้าหน้าที่ลงทำการแก้ไข 11.07 เจ้าหน้าที่ทำการแก้ไขเรียบร้อย การเดินรถในสายสีทองสามารถให้บริการได้ตามปกติ
70,มิถุนายน,1 มิ.ย. 21,11.13 น.,53,สายสีน้ำเงิน,ลาดพร้าว,3,BEM, ระบบเบรก ," เวลา 11.13 น. ขบวนรถไฟฟ้าหมายเลข 53 เกิดเหตุระบบเบรกลม ขัดข้อง จำนวน 1 ขบวน ที่สถานีลาดพร้าว ฝั่งขาล่อง (ปลายทางสถานีหลักสอง) ดำเนินการถอนรถออกจากการให้บริการ ล่าช้า 3 นาที โดยมีขบวนรถให้บริการทดแทน
- สถานีได้ประชาสัมพันธ์ให้ผู้โดยสารรับทราบ"
71,มิถุนายน,2 มิ.ย. 21,17.32 น.,17,สายสีน้ำเงิน,สามย่าน,5,BEM, ระบบประตู ,เวลา 17.32 น. ขบวนรถไฟฟ้าหมายเลข 17 เกิดเหตุประตูรถไฟฟ้าขัดข้อง ปลดล็อกประตูรถไฟด้วยอุปกรณ์ฉุกเฉิน จำนวน 1 ขบวน ที่สถานีสามย่าน ฝั่งขาล่อง (ปลายทางสถานีหลักสอง) ดำเนินการถอนรถออกจากการให้บริการ ล่าช้า 5 นาที โดยมีขบวนรถให้บริการทดแทน
72,มิถุนายน,2 มิ.ย. 21,19.04 น.,27,สายสีน้ำเงิน,หลักสอง,3,BEM, ระบบอาณัติสัญญาณและการควบคุม ,เวลา 19.04 น. ขบวนรถไฟฟ้าหมายเลข 27 เกิดเหตุระบบอาณัติสัญญาณ ขัดข้อง จำนวน 1 ขบวน ที่สถานีหลักสอง ฝั่งขาขึ้น (ปลายทางสถานีท่าพระ) ดำเนินการถอนรถออกจากการให้บริการ ล่าช้า 3 นาที โดยมีขบวนรถให้บริการทดแทน
73,มิถุนายน,4 มิ.ย. 21,14.46 น.,20,สายสีน้ำเงิน,บางแค,3,BEM, ระบบอาณัติสัญญาณและการควบคุม ,เวลา 14.46 น. ขบวนรถไฟฟ้าหมายเลข 20 เกิดเหตุระบบป้องกันการผิดพลาดของการเดินรถบนขบวนรถไฟฟ้า ขัดข้อง จำนวน 1 ขบวน ที่สถานีบางแค ฝั่งขาล่อง (ปลายทางสถานีหลักสอง) ดำเนินการถอนรถออกจากการให้บริการ ล่าช้า 3 นาที โดยมีขบวนรถให้บริการทดแทน
74,มิถุนายน,4 มิ.ย. 21,13.51 น.,47,สายสีเขียว,พหลโยธิน,-,BTS, ไม่ทราบสาเหตุ ,"13.51 ขบวนรถไฟฟ้าหมายเลข 47 ขัดข้องที่สถานีพหลโยธิน 24 ฝั่งมุ่งหน้าสถานีปลายทางเคหะฯ ไม่สามารถทำการแก้ไขได้, ให้เคลื่อนที่ไปเปลี่ยนถ่ายผู้โดยสารที่สถานีห้าแยกลาดพร้าว ฝั่งมุ่งหน้าสถานีปลายทางเคหะฯ และนำออกจากการให้บริการ 14.07 การเดินรถในสายสุขุมวิทสามารถเดินรถได้ตามปกติ"
75,มิถุนายน,6 มิ.ย. 21,14.44 น.,City04,สาย ARL,ลาดกระบัง,10,SRTET, ระบบจ่ายไฟฟ้าขับเคลื่อน ," เวลา 14.44 น. City04 ที่สถานีลาดกระบังฝั่งออกนอกเมือง เกิดระบบตัวแปลงกระแสไฟฟ้าบนขบวนรถขัดข้องทำการขนถ่ายผู้โดยสารออกจากขบวนรถ ส่งผลให้รถล่าช้าจากตารางเวลา 10 นาที
เวลา 15:45 น. รถไฟทุกขบวนให้บริการครบตามตารางเดินรถ"
76,มิถุนายน,8 มิ.ย. 21,10.14 น.,Express03 ,สาย ARL,บ้านทับช้าง,-,SRTET, ระบบเบรก ,"เวลา 10.14 น. ที่สถานีบ้านทับช้าง ฝั่งขาเข้าเมืองรถไฟ Express 03 เกิดควันบริเวณชุดล้อ ทำการขนถ่ายผู้โดยสารออกจากขบวนรถที่สถานีหัวหมาก ฝั่งขาเข้าเมือง ยกเลิก รถไฟ TN310213 ไม่มีให้บริการ สถานีที่ได้รับผลกระทบ สถานี หัวหมาก,รามคำแหง ฝั่งขาเข้าเมือง และมีรถทดแทนเริ่มให้บริการเเทนเวลา 10.22 น. ที่สถานีมักกะสันฝั่งขาเข้าเมือง"
77,มิถุนายน,8 มิ.ย. 21,16.24 น.,5,สายสีน้ำเงิน,จรัญฯ 13,10,BEM, วัสดุแปลกปลอม ," เวลา 16.24 น. ที่สถานีจรัญฯ 13 ฝั่งขาล่อง ขบวนรถไฟฟ้าหมายเลข 05 ตรวจพบมีแผ่นเหล็กตกลงกลางราง ขบวนรถไม่สามารถผ่านได้ 
- ดำเนินการขนถ่าย (Detrain) ผู้โดยสารลงที่ชานชาลา
- เจ้าหน้าที่ดำเนินการเก็บแผ่นเหล็ก
ใช้แผนการเดินรถสำรอง โดยมีรายละเอียดดังนี้
  - Short Loop สถานีหลักสอง - สถานีท่าพระ ชานชาลาบน
  - Share Track สถานีบางขุนนนท์ - สถานีจรัญฯ 13 ฝั่งขาขึ้น
- สถานีได้ประชาสัมพันธ์ให้ผู้โดยสารรับทราบ 
- เกิดความล่าช้าในการให้บริการ 10 นาที
- กลับมาให้บริการเดินรถได้ตามปกติ เวลา 17.35 น."
78,มิถุนายน,14 มิ.ย. 21,20.59 น.,28,สายสีเขียว,พระโขนง,-,BTS, ผู้โดยสาร ,20.59 มีการกดปุ่มหยุดรถฉุกเฉินที่สถานีพระโขนง ฝั่งมุ่งหน้าสถานีปลายทางคูคต เนื่องจากมีผู้โดยสารเป็นลมภายในขบวนรถไฟฟ้าหมายเลข 28
79,มิถุนายน,15 มิ.ย. 21,09.42 น.,-,สายสีเขียว,-,-,BTS, ระบบอาณัติสัญญาณและการควบคุม ,09.42 เกิดเหตุขัดข้องในสายสุขุมวิท และสายสีลม ทำให้ขบวนรถไม่สามารถเคลื่อนที่ด้วยระบบอัตโนมัติได้ ส่งผลให้ขบวนรถบางขบวน จอดนานในบางสถานี
80,มิถุนายน,15 มิ.ย. 21,15.55 น.,30,สายสีน้ำเงิน,พหลโยธิน,2,BEM, ระบบเบรก ,"เวลา 15.55 น. ขบวนรถไฟฟ้าหมายเลข 30 เกิดเหตุระบบเบรกลมขัดข้อง จำนวน 1 ขบวน ที่สถานีพหลโยธิน ฝั่งขาขึ้น (ปลายทางสถานีท่าพระ) ดำเนินการถอนรถออกจากการให้บริการ ล่าช้า 2 นาที โดยมีขบวนรถให้บริการทดแทน
- สถานีได้ประชาสัมพันธ์ให้ผู้โดยสารรับทราบ"
81,มิถุนายน,21 มิ.ย. 21,-,-,สายสีเขียว,พระโขนง,-,BTS, ผู้โดยสาร ,เนื่องจากมีผู้โดยสารหญิงลงไปในบริเวณรางที่สถานีพระโขนง  ฝั่งมุ่งหน้าสถานีปลายทางคูคต  จึงมีการกดปุ่มหยุดรถไฟฟ้าฉุกเฉิน  ทำให้ขบวนรถไฟฟ้าไม่สามารถเคลื่อนที่ได้ ทำการแก้ไขตามขั้นตอน  และทำการช่วยเหลือผู้โดยสาร หลังจากนั้นขบวนรถสามารถให้บริการต่อได้ตามปกติ
82,มิถุนายน,21 มิ.ย. 21,15.41 น.,6,สายสีน้ำเงิน,รัชดา,3,BEM, ระบบประตู ,"เวลา 15.41 น. ขบวนรถไฟฟ้าหมายเลข 06 เกิดเหตุประตูรถไฟฟ้าขัดข้อง จำนวน 1 ขบวน ที่สถานีรัชดา ฝั่งขาล่อง (ปลายทางสถานีหลักสอง) ดำเนินการถอนรถออกจากการให้บริการ ล่าช้า 3 นาที โดยมีขบวนรถให้บริการทดแทน
- สถานีได้ประชาสัมพันธ์ให้ผู้โดยสารรับทราบ"
83,มิถุนายน,22 มิ.ย. 21,11.53 น.,26,สายสีเขียว,กรมป่าไม้,-,BTS, ระบบเบรก ,"11.53 ขบวนรถไฟฟ้าหมายเลข 26 ระบบเบรกขัดข้องที่สถานีกรมป่าไม้ ฝั่งมุ่งหน้าสถานีปลายทางคูคต ไม่สามารถทำการแก้ไขได้, ทำการเปลี่ยนถ่ายผู้โดยสารและนำออกจากการให้บริการ
 12.05 การเดินรถในสายสุขุมวิทสามารถเดินรถได้ตามปกติ"
84,มิถุนายน,23 มิ.ย. 21,18.28 น.,Express03,สาย ARL,สุวรรณภูมิ,-,SRTET, ไม่ทราบสาเหตุ ," เวลา 18.28 น. Express03 ขัดข้องที่สถานีสุวรรณภูมิทำการขนถ่ายผู้โดยสารออกจากขบวนรถ ส่งผลให้ยกเลิกรถ 6 เที่ยว (เนื่องจากมีให้บริการ 5 ขบวน) ดังนี้ 
          1) 18.30 น.ที่สถานีสุวรรณภูมิ
          2) 19.00 น.ที่สถานีพญาไท
          3) 19.30 น.ที่สถานีสุวรรณภูมิ
          4) 20.00 น.ที่สถานีพญาไท
          5) 20.30 น.ที่สถานีสุวรรณภูมิ
          6) 21.00 น.ที่สถานีพญาไท
  เวลา 21.13 น. นำ City02 ออกจากโรงซ่อมมาเริ่มให้บริการครบตามตารางเวลาที่สถานีรามคำแหงฝั่งขาออกนอกเมือง"
85,มิถุนายน,26 มิ.ย. 21,05.00 น.,-,สายสีเขียว,บางจาก-แบริ่ง,-,BTS, ระบบอาณัติสัญญาณและการควบคุม ,"05.00 BTS ระบบควบคุมการเดินรถขัดข้องในสายสุขุมวิทขัดข้องระหว่างสถานีบางจากถึงสถานีแบริ่ง ทำให้ขบวนรถไม่สามารถให้บริการได้ตั้งแต่สถานีบางจาก สถานีปุณณวิถี สถานีอุดมสุข สถานีบางนา และสถานีแบริ่ง ชั่วคราว 
06.49 BTS ระบบควบคุมการเดินรถขัดข้องในสายสุขุมวิทได้รับการแก้ไขเรียบร้อย การเดินรถในสายสุขุมวิท สามารถเดินรถได้ตามปกติ"
86,มิถุนายน,27 มิ.ย. 21,23.30 น.,-,สายสีทอง,เจริญนคร-คลองสาน,-,BTS, จุดสับราง ,"23.30 (สายสีทอง) จุดสับรางขัดข้องระหว่างสถานีเจริญนครกับสถานีปลายทางคลองสาน กำลังทำการแก้ไข ส่งผลให้ 
   ต้องปิดสถานีปลายทางคลองสานชั่วคราว ศูนย์ควบคุมการเดินรถปรับรูปแบบการเดินรถ โดยจัดขบวนรถไฟฟ้า
   ให้บริการระหว่างสถานีกรุงธนบุรีกับสถานีเจริญนคร โดยใช้ชานชาลาฝั่งมุ่งหน้าสถานีปลายทางคลองสานด้านเดียวใน 
   การให้บริการ จนปิดให้บริการ"
87,มิถุนายน,29 มิ.ย. 21,17.09 น.,Express03,สาย ARL,รามคำแหง,-,SRTET, ระบบขับเคลื่อนรถไฟฟ้า ,17.09 น. ขบวนรถไฟ Express 03 ระบบขับเคลื่อนขัดข้อง ทำการขนถ่ายผู้โดยสารออกจากขบวนรถ ที่สถานีรามคำแหง ฝั่งขาออกนอกเมือง และมีรถทดแทนเริ่มให้บริการเเทนเวลา 17.22 น. ที่สถานีมักกะสันฝั่งขาเข้าเมือง   - 21.05 ขบวนรถไฟ Express 03 ระบบขับเคลื่อนขัดข้อง ทำการขนถ่ายผู้โดยสารออกจากขบวนรถ ที่สถานีปลายทางสุวรรณภูมิ และมีรถทดแทนเริ่มให้บริการเเทนเวลา 21.20 น. ที่สถานีสุวรรณภูมิฝั่งขาเข้าเมือง
88,มิถุนายน,29 มิ.ย. 21,07.03 น.,15,สายสีน้ำเงิน,หัวลำโพง,3,BEM, ระบบขับเคลื่อนรถไฟฟ้า ," เวลา 07.03 น. ขบวนรถไฟฟ้าหมายเลข 15 เกิดเหตุระบบขับเคลื่อนรถไฟฟ้าอัตโนมัติขัดข้อง จำนวน 1 ขบวน ที่สถานีหัวลำโพง ฝั่งขาล่อง (ปลายทางสถานีหลังสอง) ดำเนินการถอนรถออกจากการให้บริการ ล่าช้า 3 นาที โดยมีขบวนรถให้บริการทดแทน
- สถานีได้ประชาสัมพันธ์ให้ผู้โดยสารรับทราบ"
89,มิถุนายน,29 มิ.ย. 21,12.30 น.,-,สายสีเขียว,โพธิ์นิมิตร-บางหว้า,-,BTS, ระบบอาณัติสัญญาณและการควบคุม ,"12.30 ระบบอาณัติสัญญาณระหว่างสถานีโพธิ์นิมิตรและสถานีบางหว้าขัดข้อง ศูนย์ควบคุมการเดินรถต้องทำการแก้ไข ส่งผล 
   ทำให้ขบวนรถต้องเคลื่อนที่เข้า-ออกสถานีด้วยความเร็วต่ำ หลังจากนั้นขบวนรถสามารถเคลื่อนที่ได้ และการเดินรถใน
   สายสีลมสามารถเดินรถได้ตามปกติ"
90,มิถุนายน,30 มิ.ย. 21,15.05 น.,92,สายสีเขียว,บางจาก,-,BTS, ระบบขับเคลื่อนรถไฟฟ้า ,15.05 ขบวนรถไฟฟ้าหมายเลข 92 อุปกรณ์ตัดวงจรไฟฟ้าขัดข้อง และ ระบบขับเคลื่อนขัดข้องที่สถานีบางจาก ฝั่งมุ่งหน้าสถานีปลายทางเคหะฯ ไม่สามารถทำการแก้ไขได้ ให้ทำการเปลี่ยนถ่ายผู้โดยสาร และนำออกจากการให้บริการ
91,มิถุนายน,30 มิ.ย. 21,17.53 น.,76,สายสีเขียว,สนามกีฬาแห่งชาติ,-,BTS, ระบบเบรก ,17.53 ขบวนรถไฟฟ้าหมายเลข 76 ระบบเบรกขัดข้องที่สถานีสนามกีฬาแห่งชาติ ฝั่งมุ่งหน้าสถานีปลายทางบางหว้า ไม่สามารถทำการแก้ไขได้ ให้ทำการเปลี่ยนถ่ายผู้โดยสาร และนำออกจากการให้บริการ
92,กรกฎาคม,1 ก.ค. 21,17.08 น.,-,สายสีม่วง,บางซ่อน - เตาปูน,-,BEM, จุดสับราง ,"17:08 น. เกิดเหตุประแจสับราง ระหว่างสถานีบางซ่อนและเตาปูน หมายเลข T1601 และ T1602 ไม่สามารถสับรางได้ 
 - ทำการเดินรถในรูปแบบ Short Loop ตั้งแต่ สถานีคลองบางไผ่ - วงศ์สว่าง 
- ได้ประสานงานรถประจำทาง ขสมก. เพื่อรับส่งผู้โดย สารจากสถานีเตาปูน ถึง สถานีวงค์สว่าง
- 18.05 น. ดำเนินการแก้ไขแล้วเสร็จ ให้บริการได้ตามปกติ"
93,กรกฎาคม,1 ก.ค. 21,20.48 น.,60,สายสีเขียว,ปู่เจ้า ,-,BTS, ระบบประตู ,20.48 น. ขบวนรถไฟฟ้าหมายเลข 60 ระบบประตูขัดข้องที่สถานีปู่เจ้า ฝั่งมุ่งหน้าสถานีปลายทางเคหะฯ ไม่สามารถแก้ไขได้ ให้ทำการเปลี่ยนถ่ายผู้โดยสาร และนำขบวนรถออกจากการให้บริการ
94,กรกฎาคม,3 ก.ค. 21,12.35 น.,Express03,สาย ARL,ราชปรารภ,-,SRTET, ระบบขับเคลื่อนรถไฟฟ้า ,เวลา 12.35 น. ขบวนรถไฟ Express 03 ระบบขับเคลื่อนขัดข้อง ทำการขนถ่ายผู้โดยสารออกจากขบวนรถ ที่สถานีราชปรารภฝั่งขาออกนอกเมือง
95,กรกฎาคม,3 ก.ค. 21,12.45 น.,City05,สาย ARL,พญาไท,-,SRTET, ระบบเบรก ,เวลา 12.45 น. ขบวนรถไฟ City 05 ระบบเบรกขัดข้อง ทำการขนถ่ายผู้โดยสารออกจากขบวนรถ ที่สถานีพญาไทฝั่งขาออกนอกเมือง ถอนขบวนรถขัดข้องออกจากการให้บริการ นำขบวนรถทดแทนให้บริการที่สถานีมักกะสันฝั่งขาเข้าเมืองเวลา 13.26 น. มีรถไฟให้บริการครบตามตารางเวลา
96,กรกฎาคม,5 ก.ค. 21,09.51 น.,Express03,สาย ARL,รามคำแหง,-,SRTET, ระบบขับเคลื่อนรถไฟฟ้า ,"เวลา 09.51 น. Express 03 ระบบขับเคลื่อนขัดข้อง ทำการขนถ่ายผู้โดยสารออกจากขบวนสถานีรามคำแหงฝั่งออกนอกเมือง 
    - เวลา 10.13 น.รถไฟให้บริการครบตามตารางเวล"
97,กรกฎาคม,5 ก.ค. 21,14.11 น.,14,สายสีเขียว,คูคต,-,BTS, ไม่ทราบสาเหตุ ,14.11 ขบวนรถไฟฟ้าหมายเลข 14 ขัดข้องที่สถานีคูคต ฝั่งมุ่งหน้าสถานีปลายทางเคหะฯ ต้องทำการเปลี่ยนถ่ายผู้โดยสาร และนำออกจากการให้บริการ
98,กรกฎาคม,5 ก.ค. 21,18.58 น.,Express03,สาย ARL,รามคำแหง,-,SRTET, ระบบขับเคลื่อนรถไฟฟ้า ,เวลา 18.58 น.ขบวนรถไฟ Express 03 ระบบขับเคลื่อนขัดข้อง ทำการขนถ่ายผู้โดยสารออกจากขบวนรถ ที่สถานีรามคำแหงฝั่งขาออกนอกเมือง
99,กรกฎาคม,5 ก.ค. 21,19.12 น.,City02,สาย ARL,สุวรรณภูมิ ,-,SRTET, ไม่ทราบสาเหตุ ,"เวลา 19.12 น.ขบวนรถไฟ City 02 ขัดข้อง ทำการขนถ่ายผู้โดยสารออกจากขบวนรถ ที่สถานีปลายทางสุวรรณภูมิ 
    - เวลา 19.34 น.มีรถไฟให้บริการครบตามตารางการเดินรถ"
100,กรกฎาคม,6 ก.ค. 21,20.30 น.,Express03,สาย ARL,พญาไท,-,SRTET, ระบบขับเคลื่อนรถไฟฟ้า ,"เวลา 20.30 น. ขบวนรถไฟ Express 03 ระบบขับเคลื่อนขัดข้อง ทำการขนถ่ายผู้โดยสารออกจากขบวนรถ ที่สถานีปลายทางพญาไท ถอนขบวนรถขัดข้องออกจากการให้บริการ 
-เวลา 20.38 น. นำขบวนรถทดแทนให้บริการที่สถานีรามคำแหงฝั่งขาออกนอกเมืองเวลา มีรถไฟให้บริการครบตามตารางเวลา"
101,กรกฎาคม,8 ก.ค. 21,11.45 น.,Express04,สาย ARL,สุวรรณภูมิ,-,SRTET, ระบบประตู ,"เวลา 11.45 น. Express 04. ประตูคนขับรถไฟขัดข้อง ทำการขนถ่ายผู้โดยสารออกจากขบวนสถานีสุวรรณภูมิ
      เวลา 11.40 น. ยกเลิกรถไฟเที่ยวจากสถานีสุวรรณภูมิขาเข้าเมือง เวลา 12.50 น. ยกเลิกรถไฟจากสถานีพญาไทขาออกนอกเมือง เวลา 13.20 น   ยกเลิกรถไฟเที่ยวจากสถานีสุวรรณภูมิขาเข้าเมือง"
102,กรกฎาคม,13 ก.ค. 21,12.59 น.,32,สายสีเขียว,ช่องนนทรี-บางหว้า,-,BTS, ระบบประตู ,12.59 ขบวนรถไฟฟ้าหมายเลข 32 ระบบประตูขัดข้องที่ช่องนนทรี ฝั่งมุ่งหน้าสถานีปลายทางบางหว้า ไม่สามารถแก้ไขได้ต้องทำการเปลี่ยนถ่าย   ผู้โดยสาร และนำออกจากการให้บริการ
103,กรกฎาคม,13 ก.ค. 21,13.24 น.,31,สายสีน้ำเงิน,บางพลัด,3,BEM, ระบบอาณัติสัญญาณและการควบคุม ,เวลา 13.24 น. ขบวนรถไฟฟ้าหมายเลข 31 เกิดเหตุระบบป้องกันการผิดพลาดของการเดินรถบนขบวนรถไฟฟ้า ขัดข้อง จำนวน 1 ขบวน ที่สถานีบางพลัด ฝั่งขาล่อง (ปลายทางสถานีหลักสอง) ดำเนินการถอนรถออกจากการให้บริการ ล่าช้า 3 นาที โดยมีขบวนรถให้บริการทดแทน - สถานีได้ประชาสัมพันธ์ให้ผู้โดยสารรับทราบ
104,กรกฎาคม,13 ก.ค. 21,17.51 น.,-,สาย ARL,-,20,SRTET, ระบบจ่ายไฟฟ้าขับเคลื่อน ,เวลา 17.51 เกิดเหตุระบบจ่ายไฟบนเส้นทางหลักฝั่งขาเข้าเมืองขัดข้องต้องเดินรถแผนสำรองจนสิ้นสุดบริการ โดยสถานีบ้านทับช้าง ลาดกระบัง ใช้ชานชาลาฝั่งขาออกนอกเมืองฝั่งเดียวในการให้บริการผู้โดยสาร ล่าช้าจากตารางเวลา 20 นาที
105,กรกฎาคม,18 ก.ค. 21,06.20 น.,56,สายสีเขียว,ราชเทวี,-,BTS, ระบบอาณัติสัญญาณและการควบคุม ,"06.20 ขบวนรถไฟฟ้าหมายเลข 56 ระบบอาณัติสัญญาณขัดข้องที่สถานีราชเทวี ฝั่งมุ่งหน้าสถานีปลายทางคูคต, ไม่สามารถทำการแก้ไขได้ ทำการเปลี่ยนถ่ายผู้โดยสาร และนำขบวนรถออกจากการให้บริการ"
106,กรกฎาคม,19 ก.ค. 21,18.45 น.,-,สายสีเขียว,นานา-บางจาก,-,BTS, ระบบอาณัติสัญญาณและการควบคุม ,"18.45 BTS ระบบสื่อสารขัดข้องในสายสุขุมวิทขัดข้องระหว่างสถานีนานาถึงสถานีบางจาก, ทำให้ขบวนรถไม่สามารถให้บริการได้"
107,กรกฎาคม,23 ก.ค. 21,06.14 น.,-,สายสีทอง,เจริญนคร-กรุงธนบุรี ,-,BTS , ระบบจ่ายไฟฟ้าขับเคลื่อน ,06:14 (สายสีทอง) อุปกรณ์ของรางจ่ายไฟขัดข้องระหว่างสถานีเจริญนครกับสถานีปลายทางกรุงธนบุรี ทำให้ขบวนรถไฟฟ้าไม่สามารถเคลื่อนที่ผ่านได้  จำเป็นต้องตัดกระแสไฟฟ้าเพื่อให้เจ้าหน้าที่ซ่อมบำรุงเข้าทำการแก้ไข (มีผลกระทบกับสถานีกรุงธนบุรี สถานีเจริญนคร และสถานีคลองสานหยุดให้บริการเดินรถชั่วคราว) 06:58 อุปกรณ์ของรางจ่ายไฟขัดข้องระหว่างสถานีเจริญนครกับสถานีปลายทางกรุงธนบุรี ทำการแก้ไขเรียบร้อย การเดินรถในสายสีทองสามารถให้บริการได้ตามปกติ
108,กรกฎาคม,23 ก.ค. 21,07.14 น.,-,สายสีทอง,เจริญนคร-กรุงธนบุรี ,-,BTS , จุดสับราง ,07:14 (สายสีทอง) จุดสับรางขัดข้องระหว่างสถานีเจริญนครกับสถานีปลายทางทางกรุงธนบุรี ทำให้ขบวนรถไฟฟ้าไม่สามารถเคลื่อนที่ผ่านได้ จำเป็นต้องตัดกระแสไฟฟ้าเพื่อให้เจ้าหน้าที่ซ่อมบำรุงเข้าทำการแก้ไข  -07:40 จุดสับรางขัดข้องระหว่างสถานีเจริญนครกับสถานีปลายทางทางกรุงธนบุรี ทำการแก้ไขเรียบร้อย การเดินรถในสายสีทองสามารถให้บริการได้ตามปกติ
109,กรกฎาคม,23 ก.ค. 21,10.17 น.,-,สายสีทอง,เจริญนคร-กรุงธนบุรี ,-,BTS , ระบบจ่ายไฟฟ้าขับเคลื่อน ,10:17 (สายสีทอง) อุปกรณ์ของรางจ่ายไฟขัดข้องระหว่างสถานีเจริญนครกับสถานีปลายทางกรุงธนบุรี ทำให้ขบวนรถไฟฟ้าไม่สามารถเคลื่อนที่ผ่านได้  จำเป็นต้องตัดกระแสไฟฟ้าเพื่อให้เจ้าหน้าที่ซ่อมบำรุงเข้าทำการแก้ไข -10:47 อุปกรณ์ของรางจ่ายไฟขัดข้องระหว่างสถานีเจริญนครกับสถานีปลายทางกรุงธนบุรี ทำการแก้ไขเรียบร้อย การเดินรถในสายสีทองสามารถให้บริการได้ตามปกติ
110,กรกฎาคม,29 ก.ค. 21,14.36 น.,-,สายสีทอง,เจริญนคร-กรุงธนบุรี ,-,BTS , ระบบจ่ายไฟฟ้าขับเคลื่อน ,"14.36 BTS (สายสีทอง) อุปกรณ์ครอบรางขัดข้องระหว่างสถานีเจริญนครกับสถานีปลายทางกรุงธนบุรี เจ้าหน้าที่กำลังทำการแก้ไข
 - 14.54 BTS (สายสีทอง) อุปกรณ์ครอบรางขัดข้องระหว่างสถานีเจริญนครกับสถานีปลายทางกรุงธนบุรี ทำการแก้ไขเรียบร้อย การเดินรถในสายสีทองสามารถให้บริการได้ตามปกติ"
111,สิงหาคม,2 ส.ค. 21,16.30 น.,-,สายสีแดง,บางซื่อ,-,SRTET, ระบบจ่ายไฟฟ้าขับเคลื่อน ,เกิดเหตุระบบจ่ายไฟฟ้าขัดข้องที่สถานีบางซื่อชานชาลาสายตะวันตก เวลา 16.30 น. ยกเลิกรถไฟเที่ยวจากสถานีบางซื่อขาออกนอกเมือง(ตลิ่งชัน) เวลา 16.51 น. ยกเลิกรถไฟเที่ยวจากสถานีตลิ่งชันขาเข้าเมือง
112,สิงหาคม,2 ส.ค. 21,17.15 น.,16,สายสีม่วง,ตลาดบางใหญ่,-,BEM, ระบบเบรก ,เวลา 17:15 น. ขบวนรถไฟฟ้าหมายเลข 16 เกิดเหตุระบบเบรกขัดข้อง จำนวน 1 ขบวน ที่สถานีตลาดบางใหญ่ ฝั่งขาล่อง (ปลายทางสถานีเตาปูน) ดำเนินการถอนรถออกจากการให้บริการ โดยมีขบวนรถให้บริการทดแทน- สถานีได้ประชาสัมพันธ์ให้ผู้โดยสารรับทราบ
113,สิงหาคม,4 ส.ค. 21,16.15 น.,-,สายสีแดง,บางบำหรุ-ตลิ่งชัน,-,SRTET, จุดสับราง ,16.15 เกิดเหตุประแจขัดข้อง บริเวณสถานีบางบำหรุถึงตลิ่งชัน ฝั่งขาออกนอกเมือง 18:29 ประแจขัดข้อง บริเวณสถานีบางบำหรุถึงตลิ่งชัน ฝั่งขาออกนอกเมืองได้ทำการแก้ไข เรียบร้อ
114,สิงหาคม,5 ส.ค. 21,15.50 น.,Express03,สาย ARL,บ้านทับช้าง,-,SRTET, ระบบเบรก ,เวลา 15.50 น. เกิดเหตุ Express03 ระบบเบรคขัดข้อง ต้องทำการขนถ่ายผู้โดยสารออกจากขบวนสถานีบ้านทับช้างฝั่งขาเข้าเมือง โดยนำขบวนรถสำรองให้บริการทดแทนที่สถานีมักกะสันฝั่งขาเข้าเมือง
115,สิงหาคม,6 ส.ค. 21,07.44 น.,-,สายสีแดง,บางบำหรุ-ตลิ่งชัน,-,SRTET, จุดสับราง ,07.44 น. ประแจสับรางขัดข้อง ระหว่างสถานีบางบำหรุถึงตลิ่งชัน ฝั่งขาออกนอกเมือง-17.30น. เจ้าหน้าที่ระบบอาณัติสัญญาณ ขอทำการลงพื้นที่เข้าทำการตรวจสอบและแก้ไข ประแจสับรางระหว่างสถานีบางบำหรุถึงตลิ่งชัน ฝั่งขาออกนอกเมือง -18.30น. กลับมาใช้แผนการเดินรถให้บริการตามปกติ
116,สิงหาคม,7 ส.ค. 21,07.00 น.,-,สายสีแดง,บางบำหรุ-ตลิ่งชัน,-,SRTET, จุดสับราง ,07:00 น. ประแจสับรางขัดข้อง ระหว่างสถานีบางบำหรุกับสถานีตลิ่งชัน
117,สิงหาคม,10 ส.ค. 21,15.01 น.,-,สายสีทอง,เจริญนคร-กรุงธนบุรี,-,BTS, ระบบจ่ายไฟฟ้าขับเคลื่อน ,15.01 BTS (สายสีทอง) เนื่องจากอุปกรณ์จ่ายไฟขัดข้องระหว่างสถานีเจริญนครกับสถานีปลายทางกรุงธนบุรี กำลังทำการแก้ไข ส่งผลให้ขบวนรถไม่สามารถเคลื่อนที่ผ่านได้ ทำให้ต้องปิดสถานีปลายทางกรุงธนบุรีชั่วคราว ศูนย์ควบคุมการเดินรถปรับรูปแบบการเดินรถ โดยจัดขบวนรถไฟฟ้าให้บริการระหว่างสถานีเจริญนครกับสถานีปลายทางคลองสาน โดยใช้ชานชาลาฝั่งมุ่งหน้าสถานีปลายทางคลองสานด้านเดียวในการให้บริการ -15.59 BTS (สายสีทอง) เนื่องจากเจ้าหน้าที่กำลังทำการแก้ไขอุปกรณ์จ่ายไฟขัดข้องระหว่างสถานีเจริญนครกับสถานีปลายทางกรุงธนบุรี จึงจำเป็นต้องตัดกระแสไฟฟ้าตั้งแต่สถานีกรุงธนบุรีถึงสถานีปลายทางคลองสาน ส่งผลให้ต้องปิดสถานีเจริญนครและสถานีคลองสานชั่วคราว -17.17 BTS (สายสีทอง) อุปกรณ์ของรางจ่ายไฟขัดข้องระหว่างสถานีเจริญนครกับสถานีปลายทางกรุงธนบุรี ทำการแก้ไขเรียบร้อย การเดินรถในสายสีทองสามารถให้บริการได้ตามปกติ
118,สิงหาคม,11 ส.ค. 21,17.27 น.,T24,สายสีแดง,ตลิ่งชัน,-,SRTET, ระบบอาณัติสัญญาณและการควบคุม ,17.27 น. ขบวนรถไฟ T24 ระบบตัวรับ-ส่งข้อมูลจากรางขัดข้อง ที่สถานีตลิ่งชันฝั่งขาออกเมือง ทำการขนถ่ายผู้โดยสารออกจากขบวนรถ 17.45 น. นำขบวนรถสำรองมาให้บริการแทนที่สถานีบางซื่อฝั่งขาออกนอกเมือง ส่งผลให้ต้องยกเลิกเที่ยวให้บริการ 2 เที่ยว 18.44 น. ขบวนรถไฟให้บริการครบตามตารางเวลา
119,สิงหาคม,11 ส.ค. 21,17.47 น.,T15,สายสีแดง,หลักสี่,-,SRTET, ระบบอาณัติสัญญาณและการควบคุม ,17.47 น.  ขบวนรถไฟ T15 ก่อนเข้าสถานีหลักสี่ฝั่งขาออกนอกเมือง เกิดมาตรแสดงความเร็วไม่คงที่ ทำการขนถ่ายผู้โดยสารที่สถานีกลางบางซื่อ 18.30 น. นำขบวนรถสำรองให้บริการแทน ที่สถานีบางซื่อฝั่งขาออกนอกเมือง 18.44 น. ขบวนรถไฟให้บริการครบตามตารางเวลา
120,สิงหาคม,13 ส.ค. 21,09.40 น.,-,สายสีแดง,หลักหก-รังสิต,-,SRTET, ระบบอาณัติสัญญาณและการควบคุม ,"09:40 น. ระบบตรวจจับขบวนรถไฟขัดข้องระหว่างสถานีหลักหกและสถานีรังสิต ฝั่งขาออกเมือง ส่งผลให้รถล่าช้า 11เที่ยว
11.00 น รถไฟทุกขบวนให้บริการครบตรงตามตารางเวลา"
121,สิงหาคม,13 ส.ค. 21,13.00 น.,T03,สายสีแดง,กลางบางซื่อ,-,SRTET, ระบบอาณัติสัญญาณและการควบคุม ,"13:00 น.T03ระบบควบคุมการเดินรถขัดข้องที่สถานีกลางบางซื่อฝั่งขาออกเมืองส่งผลให้ขบวนรถไฟล่าช้า 2เที่ยว
14.00 น .นำขบวนรถสำรองให้บริการแทนที่สถานีกลางบางซื่อฝั่งขออกเมือง  รถไฟทุกขบวนให้บริการครบตรงตามตารางเวลา"
122,สิงหาคม,13 ส.ค. 21,17.35 น.,-,สายสีแดง,-,-,SRTET, ระบบจ่ายไฟฟ้าขับเคลื่อน ,17.35 น. ระบบจ่ายไฟเหนือรางฝั่งขาเข้าเมืองขัดข้อง ไม่สามารถจ่ายไฟให้ขบวนรถได้ ทำให้ต้องเปลี่ยนแผนการเดินรถใช้การเดินรถทั้งไปและกลับในเส้นทางเดียว ส่งผลให้ต้องยกเลิกเที่ยวบริการ 8 เที่ยวและรถล่าช้า 4 เที่ยว 18.48 น. เจ้าหน้าที่ทำการแก้ไขระบบจ่ายไฟเหนือราง สามารถกลับมาให้บริการได้ตามปกติ 19.15 น. ขบวนรถไฟทุกขบวน ให้บริการครบตรงตามตารางเวลา
123,สิงหาคม,14 ส.ค. 21,14.18 น.,-,สายสีแดง,ทุ่งสองห้อง,-,SRTET, ระบบอาณัติสัญญาณและการควบคุม ,"14.18 ระบบตัวรับ-ส่งข้อมูลจากรางขัดข้องที่หัวขับเคลื่อน 1 สถานีทุ่งสองห้องฝั่งขาเข้าเมือง ส่งผลให้ขบวนรถล่าช้า 1 เที่ยว
14.30 นำขบวนรถสำรองให้บริการแทนที่ สถานีกลางบางซื่อฝั่งขาออกนอกเมือง รถไฟทุกขบวนให้บริการครบตรงตามตารางเวลา"
124,สิงหาคม,14 ส.ค. 21,18.49 น.,13,สายสีแดง,ดอนเมือง,-,SRTET, ระบบอาณัติสัญญาณและการควบคุม ,18.49 มาตรแสดงความเร็วของรถไฟขบวน 13/เที่ยว1105 ที่หัวขับเคลื่อน 6 ขัดข้อง ที่สถานีดอนเมืองฝั่งขาออกเมือง ส่งผลให้ขบวนรถล่าช้า 1 เที่ยว 19.15 นำขบวนรถสำรองให้บริการแทนที่ สถานีกลางบางซื่อฝั่งขาออกนอกเมือง รถไฟทุกขบวนให้บริการครบตรงตามตารางเวลา
125,สิงหาคม,17 ส.ค. 21,17.36 น.,20,สายสีน้ำเงิน,เพรชบุรี,4,BEM, ระบบประตู ,"เวลา 17.36 น. ขบวนรถไฟฟ้าหมายเลข 20 เกิดเหตุประตูรถไฟฟ้าขัดข้อง จำนวน 1 ขบวน ที่สถานีเพรชบุรี ฝั่งขาล่อง (ปลายทางสถานีหลักสอง) ดำเนินการถอนรถออกจากการให้บริการ ล่าช้า 4 นาที โดยมีขบวนรถให้บริการทดแทน
- สถานีได้ประชาสัมพันธ์ให้ผู้โดยสารรับทราบ"
126,สิงหาคม,18 ส.ค. 21,17.00 น.,13,สายสีแดง,รังสิต,7,SRTET, ระบบเบรก ,"17.00 ขบวนรถไฟฟ้าหมายเลข 13/เที่ยว 1092 เกิดเบรคฉุกเฉินขัดข้อง  ที่สถานีรังสิต ฝั่งเข้าเมือง (ปลายทางสถานีกลางบางซื่อ) 
17.05 ขบวนรถไฟฟ้าหมายเลข 13/เที่ยว 1092 ทำการแก้ไขเรียบร้อย ส่งผลให้ล่าช้าจากตารางเวลา 7 นาที
17.30 นำขบวนรถสำรองให้บริการแทนที่ สถานีกลางบางซื่อฝั่งขาออกนอกเมือง รถไฟทุกขบวนให้บริการครบตรงตามตารางเวลา"
127,สิงหาคม,19 ส.ค. 21,14.52 น.,95,สายสีเขียว,โรงเรียนนายเรือ,-,BTS, ระบบอาณัติสัญญาณและการควบคุม ,14.52 น. ขบวนรถไฟฟ้าหมายเลข 95 ระบบอาณัติสัญญาณขัดข้องที่สถานีโรงเรียนนายเรือ ฝั่งมุ่งหน้าสถานีปลายทางคูคต ไม่สามารถทำการแก้ไขได้ ให้ทำการเปลี่ยนถ่ายผู้โดยสาร และนำขบวนรถไฟฟ้าออกจากการให้บริการ
128,สิงหาคม,21 ส.ค. 21,06.02 น.,1007,สายสีแดง,วัดเสมียนนารี,-,SRTET, ระบบอาณัติสัญญาณและการควบคุม ,06.02 น. ขบวนรถไฟฟ้าเที่ยว 1007 เกิดมาตรแสดงความเร็วผิดพลาดเนื่องจากฝนตกหนัก ก่อนเข้าสถานีวัดเสมียนนารีฝั่งขาออกเมือง (ปลายทางสถานีรังสิต)  เจ้าหน้าที่ควบคุมรถไฟฟ้าแจ้งให้จำกัดความเร็วของขบวนรถ
129,สิงหาคม,21 ส.ค. 21,06.08 น.,1004,สายสีแดง,ดอนเมือง,-,SRTET, ระบบอาณัติสัญญาณและการควบคุม ,06.08 น. ขบวนรถไฟฟ้าเที่ยว 1004 เกิดหน้าจอแสดงผลการขับเคลื่อนและเส้นทางผิดพลาดเนื่องจากฝนตกหนัก ก่อนเข้าสถานีดอนเมืองฝั่งขาเข้าเมือง (ปลายทางสถานีกลางบางซื่อ)  เจ้าหน้าที่ควบคุมรถไฟฟ้าแจ้งให้จำกัดความเร็วของขบวนรถ
130,สิงหาคม,21 ส.ค. 21,07.52 น.,2016,สายสีแดง,บางซ่อน,-,SRTET, ระบบอาณัติสัญญาณและการควบคุม ,07.52 น.  ขบวนรถไฟฟ้าเที่ยว 2016 เกิดมาตรแสดงความเร็วผิดพลาดเนื่องจากฝนตกหนัก ที่สถานีบางซ่อน ฝั่งขาเข้าเมือง
131,สิงหาคม,21 ส.ค. 21,17.28 น.,23,สายสีเขียว,สนามกีฬาแห่งชาติ,-,BTS, ไม่ทราบสาเหตุ ,17.28 ขบวนรถหมายเลข 23 ขัดข้องที่สถานีปลายทางสนามกีฬาแห่งชาติ - 17.40 BTS ได้ปรับรูปแบบการเดินรถ โดยจัดรถไฟฟ้าวิ่งให้บริการจากสถานีสนามกีฬาแห่งชาติถึงสถานีปลายทางบางหว้า ซึ่งสถานีสนามกีฬาแห่งชาติ สถานีสยาม และสถานีราชดำริใช้ชานชาลาฝั่งมุ่งหน้าสถานีปลายทางบางหว้าฝั่งเดียวในการให้บริการ - 18.30 การเดินรถในสายสีลมสามารถเดินรถได้ตามปกติ
132,สิงหาคม,24 ส.ค. 21,07.33 น.,22,สายสีแดง,บางบำหรุ - ตลิ่งชัน,-,SRTET, ระบบอาณัติสัญญาณและการควบคุม ,07.33 น. ระบบวิทยุขัดข้องของขบวนรถไฟขบวนที่22 เที่ยวบริการที่2015 ระหว่างสถานี บางบำหรุ - ปลายทางสถานีตลิ่งชัน ฝั่งขาออกเมือง ส่งผลให้รถล่าช้า 2 เที่ยว
133,สิงหาคม,30 ส.ค. 21,11.40 น.,City05,สาย ARL,สุวรรณภูมิ,-,SRTET, ระบบอาณัติสัญญาณและการควบคุม , เวลา 11.40 น. เกิดเหตุรถไฟ City05 ขัดข้องหน้าจอแสดงผลดับ ถอนออกจากการให้บริการที่สถานีสุวรรณภูมิ มีผลรถไฟล่าช้าจากตารางเวลา 10 นาที และยกเลิกรถไฟที่ออกจากสถานีสุวรรณภูมิเวลา 11.50 น. โดยนำรถไฟสำรอง Express02 ให้บริการแทนที่สถานีลาดกระบังฝั่งขาเข้าเมือง
134,สิงหาคม,31 ส.ค. 21,06.40 น.,-,สายสีทอง,กรุงธนบุรี-คลองสาน,-,BTS, ระบบอาณัติสัญญาณและการควบคุม ," 06.40-07.32 สายสีทอง ระบบอานัติสัญญาณขัดข้องตั้งแต่สถานีกรุงธนบุรีจนถึงสถานีคลองสาน, ทำการแก้ไข และสามารถกลับมาให้บริการได้ตามปกติ"
135,กันยายน,1 ก.ย. 21,16.22 น.,City05,สาย ARL,รามคำแหง,-,SRTET, ระบบขับเคลื่อนรถไฟฟ้า ,16.22 ขบวนรถ CT05 ระบบขับเคลื่อนขัดข้อง ขบวนรถไม่สามารถเคลื่อนที่ได้ ที่สถานีรามคำแหงฝั่งขาเข้าเมือง นำขบวนรถสำรองเข้าทำการต่อพ่วง นำกลับศูนย์ซ่อมบำรุงถอนออกจากการให้บริการ ยกเลิกเที่ยวให้บริการ 2 เที่ยว กระทบสถานี  หัวหมากถึงสถานีพญาไท ฝั่งขาเข้าเมือง ขบวนรถไฟให้บริการครบตามตาราง
136,กันยายน,2 ก.ย. 21,06.00 น.,18,สายสีน้ำเงิน,สนามไชย,2,BEM, ระบบประตู ," เวลา 06.00 น. ขบวนรถไฟฟ้าหมายเลข 18 เกิดเหตุประตูรถไฟฟ้าขัดข้อง จำนวน 1 ขบวน ที่สถานีสนามไชย ฝั่งขาขึ้น (ปลายทางสถานีท่าพระ) ดำเนินการถอนรถออกจากการให้บริการ ล่าช้า 2 นาที โดยมีขบวนรถให้บริการทดแทน
- สถานีได้ประชาสัมพันธ์ให้ผู้โดยสารรับทราบ"
137,กันยายน,2 ก.ย. 21,16.40 น.,84,สายสีเขียว,ราชเทวี,-,BTS, ระบบอาณัติสัญญาณและการควบคุม ,16.40 น. ขบวนรถไฟฟ้าหมายเลข 84 ระบบอาณัติสัญญาณขัดข้องที่สถานีราชเทวี ฝั่งมุ่งหน้าสถานีปลายทางเคหะ ไม่สามารถทำการแก้ไขได้ ให้ทำการเปลี่ยนถ่ายผู้โดยสาร และนำขบวนรถไฟฟ้าออกจากการให้บริการ
138,กันยายน,2 ก.ย. 21,19.10 น.,T01,สายสีแดง,การเคหะ,11,SRTET, ระบบจ่ายไฟฟ้าขับเคลื่อน ,19.10 น. T01 / เที่ยว 1108 เกิดระบบไฟฟ้าแรงดันต่ำภายในขบวนรถขัดข้อง ที่สถานีการเคหะฝั่งขาเข้าเมือง ส่งผลให้เที่ยว 1108 ล่าช้าจากตารางเวลา 11 นาที  19.30 น. นำขบวนรถสำรองมาให้บริการแทนที่สถานีกลางบางซื่อฝั่งขาออกเมือง รถไฟทุกขบวนให้บริการครบตรงตามตารางเดินรถ
139,กันยายน,3 ก.ย. 21,14.20 น.,T02,สายสีแดง,หลักหก,8,SRTET, ระบบอาณัติสัญญาณและการควบคุม ,"14.20 น.  สัญญาณไฟประจำที่ หมายเลข B15และM01 ขัดข้อง ก่อนเข้าสถานีหลักหก ฝั่งขาออกเมือง ส่งผลให้ขบวนรถT02/เที่ยว1071 ล่าช้าจากตารางเวลา 8 นาที
-14.30 น. นำขบวนรถสำรองมาให้บริการที่สถานีรังสิต ฝั่งขาเข้าเมือง รถไฟทุกขบวนให้บริการครบตรงตามตารางเดินรถ"
140,กันยายน,3 ก.ย. 21,16.03 น.,18,สายสีน้ำเงิน,สีลม,3,BEM, ระบบประตู ,16.03 น. ขบวนรถไฟฟ้าหมายเลข 18 เกิดเหตุประตูรถไฟฟ้าขัดข้อง จำนวน 1 ขบวน ที่สถานีสีลม ฝั่งขาล่อง (ปลายทางสถานีหลักสอง) ดำเนินการถอนรถออกจากการให้บริการ ล่าช้า 3 นาที โดยมีขบวนรถให้บริการทดแทน - สถานีได้ประชาสัมพันธ์ให้ผู้โดยสารรับทราบ
141,กันยายน,10 ก.ย. 21,18.28 น.,T02,สายสีแดง,จตุจักร,8,SRTET, ระบบอาณัติสัญญาณและการควบคุม ," 18.28 น. T02/เที่ยว 1100 เข้าสถานีจตุจักร ฝั่งขาเข้าเมือง เกิดอุปกรณ์บันทึกภาพ ขัดข้อง ดำเนินการแก้ไขเเล้วเสร็จ
ส่งผลให้เที่ยว 1100 ล่าช้าจากตารางเวลา 8 นาที"
142,กันยายน,11 ก.ย. 21,07.50 น.,49,สายสีเขียว,เสนานิคม,-,BTS, ผู้โดยสาร ,"07.50 BTS ขบวนรถไฟฟ้าหมายเลข49 มีการดึงคันโยกเปิดประตูฉุกเฉินที่สถานีเสนานิคม ฝั่งมุ่งหน้าสถานีปลายทางเคหะฯ, กำลังทำการแก้ไข 07.58 BTS การเดินรถในสายสุขุมวิทสามารถเดินรถได้ตามปกติ"
143,กันยายน,11 ก.ย. 21,17.42 น.,-,สายสีแดง,ตลิ่งชัน - บางบำรุ,19,SRTET, จุดสับราง ,17.42 น. ระหว่างช่วงสถานีตลิ่งชัน และสถานีบางบำรุ ฝั่งขาเข้าเมือง ชุดประแจ102A  ขัดข้อง ส่งผลให้ขบวนรถ T25/เที่ยว2095 ล่าช้า 6 นาที และ T25/เที่ยว2096 ล่าช้า 13 นาที ศูนย์ควบคุมการเดินรถนำขบวนรถสำรองมาให้บริการแทนที่สถานีกลางบางซื่อ
144,กันยายน,15 ก.ย. 21,12.19 น,-,สายสีแดง,บางบำหรุ-ตลิ่งชัน,-,SRTET, จุดสับราง ,12.19 น. ระหว่างช่วงสถานีบางบำหรุและสถานีตลิ่งชัน ฝั่งขาออกเมือง ชุดประแจ106B ขัดข้อง 12.35 น. สถานีตลิ่งชัน ฝั่งขาเข้าเมือง ชุดประแจ 104 ขัดข้องส่งผลให้ต้องยกเลิกเที่ยวให้บริการ 1 เที่ยว (เที่ยว 2060) ศูนย์ควบคุมการเดินรถปรับรูปแบบการเดินรถ วิ่งระหว่างตลิ่งชัน-บางบำรุ 1ขบวน และวิ่งระหว่างบางบำรุ-บางซื่อ 2ขบวน ใช้ ความถี่ 30 นาที
145,กันยายน,15 ก.ย. 21,16.33 น.,-,สาย ARL,-,5,SRTET, ระบบอาณัติสัญญาณและการควบคุม ,เวลา 16.33 น.เกิดเหตุระบบควบคุมการเดินรถส่วนกลางขัดข้องส่งผลให้รถล่าช้าจากตารางเวลา 5 นาที
146,กันยายน,15 ก.ย. 21,17.02 น.,-,สาย ARL,-,5,SRTET, ระบบอาณัติสัญญาณและการควบคุม ,เวลา 17.02 น.เกิดเหตุระบบควบคุมการเดินรถส่วนกลางขัดข้องส่งผลให้รถล่าช้าจากตารางเวลา 5 นาที
147,กันยายน,15 ก.ย. 21,17.06 น.,8,สายสีน้ำเงิน,กำแพงเพชร,3,BEM, ระบบประตู , เวลา 17.06 น. ขบวนรถไฟฟ้าหมายเลข 08 เกิดเหตุประตูรถไฟฟ้าขัดข้อง จำนวน 1 ขบวน ที่สถานีกำแพงเพชร ฝั่งขาขึ้น (ปลายทางสถานีท่าพระ) ดำเนินการถอนรถออกจากการให้บริการ ล่าช้า 3 นาที โดยมีขบวนรถให้บริการทดแทน สถานีได้ประชาสัมพันธ์ให้ผู้โดยสารรับทราบ
148,กันยายน,16 ก.ย. 21,06.02 น.,T14,สายสีแดง,บางซื่อ,-,SRTET, ระบบประตู ,06.02 น. ขบวนรถT14 เกิดเหตุประตูรถไฟฟ้าขัดข้อง 1 ชุด  ที่สถานีกลางบางซื่อ ฝั่งขาออกเมือง(ปลายทางสถานีรังสิต)  และความล่าช้าสะสมจากระบบตรวจขบวนรถไฟและสัญญาณไฟประจำที่ขัดข้อง ส่งผลให้เที่ยว 1007 ล่าช้า 14 นาที และ เที่ยว1008 ล่าช้า 14 นาที 07.00 น. นำขบวนรถสำรองมาให้บริการแทนที่สถานีกลางบางซื่อ
149,กันยายน,16 ก.ย. 21,09.02 น.,19,สายสีน้ำเงิน,เพชรบุรี,3,BEM, ระบบอาณัติสัญญาณและการควบคุม ,เวลา 09.02 น. ขบวนรถไฟฟ้าหมายเลข 19 เกิดเหตุระบบป้องกันการผิดพลาดของการเดินรถบนขบวนรถไฟฟ้าขัดข้อง จำนวน 1 ขบวน ที่สถานีเพชรบุรี ฝั่งขาล่อง (ปลายทางสถานีหลักสอง) ดำเนินการถอนรถออกจากการให้บริการ ล่าช้า 3 นาที โดยมีขบวนรถให้บริการทดแทน - สถานีได้ประชาสัมพันธ์ให้ผู้โดยสารรับทราบ
150,กันยายน,16 ก.ย. 21,09.15 น.,-,สายสีทอง,กรุงธนบุรี-คลองสาน,-,BTS, ระบบจ่ายไฟฟ้าขับเคลื่อน ,"09.15-10.07 ระบบจ่ายไฟขัดข้องตั้งแต่สถานีกรุงธนบุรีถึงสถานีปลายทางคลองสาน, ทำการแก้ไข และสามารถกลับมาให้บริการได้ตามปกติ"
151,กันยายน,16 ก.ย. 21,10.45 น.,-,สายสีทอง,คลองสาน,-,BTS, ระบบจ่ายไฟฟ้าขับเคลื่อน ,"10.45-14.19 รางจ่ายไฟขัดข้องสถานีคลองสาน ฝั่งมุ่งหน้าสถานีปลายทางกรุงธนบุรี, ทำการแก้ไข และสามารถกลับมาให้บริการได้ตามปกติ"
152,กันยายน,20 ก.ย. 21,07.30 น.,87,สายสีเขียว,วุฒากาศ,-,BTS, ไม่ทราบสาเหตุ ,07.30 ขบวนรถไฟฟ้าหมายเลข 87 ขัดข้องที่สถานีวุฒากาศ ฝั่งมุ่งหน้าสถานีปลายทางสนามกีฬาแห่งชาติ ไม่สามารถทำการแก้ไขได้ ให้ทำการเปลี่ยนถ่ายผู้โดยสาร จากนั้นนำขบวนรถออกจากการให้บริการ
153,กันยายน,20 ก.ย. 21,08.20 น.,-,สายสีแดง,บางบำหรุ-ตลิ่งชัน,-,SRTET, จุดสับราง ,"08.20 น. ชุดประแจ106B ขัดข้อง ระหว่างช่วงสถานีบางบำหรุและสถานีตลิ่งชัน ฝั่งขาออกเมืองส่งผลให้ต้องยกเลิกเที่ยวให้บริการ 5 เที่ยว (เที่ยว 2022, 2026, 2027, 2030, 2031) ศูนย์ควบคุมการเดินรถปรับรูปแบบการเดินรถระหว่างช่วงสถานีบางบำรุ-สถานีตลิ่งชันจะวิ่งไป-กลับ ในเส้นทางเดียวกัน ฝั่งขาเข้าเมือง ความถี่ 30 นาที ใช้ขบวนรถ 2 ขบวน 10.45 น. เจ้าหน้าที่ดำเนินการแก้ไข ชุดประแจ 106B ระหว่างช่วงสถานีบางบำหรุและสถานีตลิ่งชัน ฝั่งขาออกเมือง เเล้วเสร็จ -11.30 น. ศูนย์ควบคุมการเดินรถกลับมาใช้แผนการเดินรถตามปกติ ขบวนรถให้บริการครบตรงตามเวลา"
154,กันยายน,23 ก.ย. 21,13.00 น.,-,สายสีแดง,บางบำหรุ-ตลิ่งชัน,-,SRTET, จุดสับราง ,13.00 น. ชุดประแจ106B ขัดข้อง ระหว่างช่วงสถานีบางบำหรุและสถานีตลิ่งชัน ฝั่งขาออกเมือง ศูนย์ควบคุมการเดินรถปรับรูปแบบการเดินรถวิ่ง Shuttle ระหว่างตลิ่งชัน-บางบำหรุ 1 ขบวน และวิ่ง Short loop ระหว่างบางบำหรุ-บางซื่อ 2 ขบวน ใช้ ความถี่ 30 นาที ตลอดจนสิ้นสุดการให้บริการ
155,กันยายน,24 ก.ย. 21,07.00 น.,-,สายสีแดง,ดอนเมือง,-,SRTET, ระบบอาณัติสัญญาณและการควบคุม ,"07.00 น.  ระบบตรวจจับขบวนรถไฟขัดข้องที่สถานีดอนเมือง ฝั่งขาเข้าเมือง ส่งผลให้ขบวนรถไฟฟ้า เกิดความล่าช้าสะสมจากระบบตรวจจับขบวนรถไฟและสัญญาณไฟประจำที่ขัดข้อง 
- เที่ยว 1008 ฝั่งขาเข้าเมือง  ล่าช้า 11 นาที
- เที่ยว 1015 ฝั่งขาออกเมือง ล่าช้า 10 นาที
07.30 นำขบวนรถสำรองมาให้บริการแทนที่สถานีกลางบางซื่อ"
156,กันยายน,25 ก.ย. 21,17.45 น.,-,สายสีแดง,บางบำหรุ-ตลิ่งชัน,-,SRTET, จุดสับราง ,17.45 น. ชุดประแจ106B ขัดข้อง ระหว่างช่วงสถานีบางบำหรุและสถานีตลิ่งชัน ฝั่งขาออกเมือง ศูนย์ควบคุมการเดินรถปรับรูปแบบการเดินรถ วิ่ง Shuttle ระหว่างตลิ่งชัน-บางบำหรุ 1 ขบวน และวิ่ง Short loop ระหว่างบางบำหรุ-บางซื่อ 2 ขบวน ใช้ ความถี่ 30 นาที ตลอดจนสิ้นสุดการให้บริการ
157,ตุลาคม,4 ต.ค. 21,06.15 น.,-,สายสีแดง,บางบำหรุ-ตลิ่งชัน,-,SRTET, จุดสับราง ,06.15 น. ชุดประแจ106B ขัดข้อง ระหว่างช่วงสถานีบางบำหรุและสถานีตลิ่งชัน ฝั่งขาออกเมือง ศูนย์ควบคุมการเดินรถปรับรูปแบบการเดินรถ วิ่ง Shuttle ระหว่างตลิ่งชัน-บางบำหรุ 1 ขบวน และวิ่ง Short loop ระหว่างบางบำหรุ-บางซื่อ 2 ขบวน ใช้ ความถี่ 30 นาที
158,ตุลาคม,4 ต.ค. 21,08.46 น.,21,สายสีเขียว,สะพานตากสิน,-,BTS, ระบบประตู ,08.46 น. ขบวนรถไฟฟ้าหมายเลข 21 ระบบประตูขัดข้องก่อนเข้าสถานีสะพานตากสิน ฝั่งมุ่งหน้าสถานีปลายทางสนามกีฬาแห่งชาติ ไม่สามารถแก้ไขได้ต้องทำการเปลี่ยนถ่ายผู้โดยสาร และนำออกจากการให้บริการ
159,ตุลาคม,5 ต.ค. 21,20.30 น.,42,สายสีเขียว,สุรศักดิ์ ,-,BTS, ระบบขับเคลื่อนรถไฟฟ้า ,20.30 น. ขบวนรถไฟฟ้าหมายเลข 42 ระบบขับเคลื่อนขัดข้องก่อนเข้าสถานีสุรศักดิ์ ฝั่งมุ่งหน้าสถานีปลายทางสนามกีฬาแห่งชาติ ไม่สามารถแก้ไขได้ต้องทำการเปลี่ยนถ่ายผู้โดยสาร และนำออกจากการให้บริการ
160,ตุลาคม,6 ต.ค. 21,12.47 น.,-,สายสีแดง,บางบำหรุ-ตลิ่งชัน,-,SRTET, จุดสับราง ,12.47 น. ชุดประแจ106B ขัดข้อง ระหว่างช่วงสถานีบางบำหรุและสถานีตลิ่งชัน ฝั่งขาออกเมือง ศูนย์ควบคุมการเดินรถปรับรูปแบบการเดินรถวิ่ง Shuttle ระหว่างตลิ่งชัน-บางบำหรุ 1 ขบวน และวิ่ง Short loop ระหว่างบางบำหรุ-บางซื่อ 2 ขบวน ใช้ ความถี่ 30 นาที ตลอดจนสิ้นสุดการให้บริการ
161,ตุลาคม,7 ต.ค. 21,08.20 น.,-,สายสีแดง,บางบำหรุ-ตลิ่งชัน,-,SRTET, จุดสับราง ,08.20 น. ชุดประแจ106B ขัดข้อง ระหว่างช่วงสถานีบางบำหรุและสถานีตลิ่งชัน ฝั่งขาออกเมือง ศูนย์ควบคุมการเดินรถปรับรูปแบบการเดินรถวิ่ง Shuttle ระหว่างตลิ่งชัน-บางบำหรุ 1 ขบวน และวิ่ง Short loop ระหว่างบางบำหรุ-บางซื่อ 2 ขบวน ใช้ ความถี่ 30 นาที ตลอดจนสิ้นสุดการให้บริการ
162,ตุลาคม,8 ต.ค. 21,06.00 น.,-,สายสีทอง,กรุงธนบุรี-คลองสาน,-,BTS , ระบบจ่ายไฟฟ้าขับเคลื่อน ,"06.00 น. BTS (สายสีทอง) ระบบจ่ายไฟขัดข้องตั้งแต่สถานีกรุงธนบุรีถึงสถานีปลายทางคลองสาน, ทำการแก้ไขเรียบร้อย, การเดินรถในสายสีทองสามารถเดินรถได้ตามปกติ"
163,ตุลาคม,8 ต.ค. 21,21.58 น.,81,สายสีเขียว,ทองหล่อ,-,BTS, ระบบประตู ,21:58 น. BTS ขบวนรถไฟฟ้าหมายเลข 81 ระบบประตูขัดข้องที่สถานีทองหล่อ ฝั่งมุ่งหน้าสถานีปลายทางเคหะฯ ไม่สามารถทำการแก้ไขได้ให้ทำการเปลี่ยนถ่ายผู้โดยสาร 22.14 น. BTS ขบวนรถได้รับการแก้ไขและนำออกจากการให้บริการแล้ว การเดินรถในสายสุขุมวิทสามารถเดินรถได้ตามปกติ
164,ตุลาคม,9 ต.ค. 21,11.20 น.,-,สายสีแดง,บางบำหรุ-ตลิ่งชัน,-,SRTET, จุดสับราง ,11.20 น. ชุดประแจ106B ขัดข้อง ระหว่างช่วงสถานีบางบำหรุและสถานีตลิ่งชัน ฝั่งขาออกเมือง ศูนย์ควบคุมการเดินรถปรับรูปแบบการเดินรถวิ่ง Shuttle ระหว่างตลิ่งชัน-บางบำหรุ 1 ขบวน และวิ่ง Short loop ระหว่างบางบำหรุ-บางซื่อ 2 ขบวน ใช้ ความถี่ 30 นาที ตลอดจนสิ้นสุดการให้บริการ
165,ตุลาคม,10 ต.ค. 21,10.40 น.,-,สายสีแดง,บางบำหรุ-ตลิ่งชัน,-,SRTET, จุดสับราง ,10.40 น. ชุดประแจ106B ขัดข้อง ระหว่างช่วงสถานีบางบำหรุและสถานีตลิ่งชัน ฝั่งขาออกเมือง ศูนย์ควบคุมการเดินรถปรับรูปแบบการเดินรถวิ่ง Shuttle ระหว่างตลิ่งชัน-บางบำหรุ 1 ขบวน และวิ่ง Short loop ระหว่างบางบำหรุ-บางซื่อ 2 ขบวน ใช้ ความถี่ 30 นาที ตลอดจนสิ้นสุดการให้บริการ
166,ตุลาคม,11 ต.ค. 21,13.24 น.,-,สายสีแดง,บางบำหรุ-ตลิ่งชัน,-,SRTET, จุดสับราง ,13.24 น. ชุดประแจ106B ขัดข้อง ระหว่างช่วงสถานีบางบำหรุและสถานีตลิ่งชัน ฝั่งขาออกเมือง ศูนย์ควบคุมการเดินรถปรับรูปแบบการเดินรถ วิ่ง Shuttle ระหว่างตลิ่งชัน-บางบำหรุ 1 ขบวน และวิ่ง Short loop ระหว่างบางบำหรุ-บางซื่อ 2 ขบวน ใช้ ความถี่ 30 นาที ตลอดจนสิ้นสุดการให้บริการ
167,ตุลาคม,12 ต.ค. 21,12.20 น.,-,สาย ARL,มักกะสัน,-,SRTET, วัสดุแปลกปลอม ,"เวลา  12.20 น. ช่วงก่อนเข้าสถานีมักกะสันฝั่งขาออกนอกเมือง เกิดเหตุขัดข้องสายเคเบิ้ลพาดใกล้ระบบจ่ายไฟเหนือหัว 
      ทำการเดินรถแบบไม่เต็มรูปแบบเพื่อเก็บสายเคเบิ้ลดังกล่าว ต้องปิดใช้ชานชาลาฝั่งขาออกนอกเมืองและใช้ชานชาลาขาเข้าเมืองแทน ที่สถานีพญาไท,สถานีราชปรารถ และสถานีมักกะสัน  มีรถไฟให้บริการ  3 ขบวน  ความถี่ 20 นาที"
168,ตุลาคม,13 ต.ค. 21,05.50 น.,-,สายสีแดง,รังสิต,-,SRTET, ระบบอาณัติสัญญาณและการควบคุม ,05.50 น. ระบบอาณัติสัญญาณขัดข้อง ที่สถานีรังสิตฝั่งขาเข้าเมือง เจ้าหน้าที่กำลังเข้าดำเนินการแก้ไข ศูนย์ควบคุมการเดินรถปรับรูปแบบการเดินรถแบบวิ่งไป-กลับ ในเส้นทางเส้นเดียวกัน ที่สถานีดอนเมือง ถึง สถานีรังสิต ฝั่งขาออกเมือง ส่งผลให้ที่สถานีหลักหก และ สถานีรังสิต ต้องปิดให้บริการชานชาลาฝั่งขาเข้าเมืองและ ใช้ชานชาลาขาออกเมืองแทน 08.15 น. เจ้าหน้าที่ดำเนินการแก้ไขเรียบร้อย ยกเลิกแผนการเดินรถสำรอง กลับเดินรถในเส้นการเดินรถทางปกติ มีรถไฟให้บริการครบตามตารางเวลา
169,ตุลาคม,15 ต.ค. 21,13.33 น.,-,สาย ARL,-,5,SRTET, ระบบอาณัติสัญญาณและการควบคุม ,เวลา 13.33 น.เกิดเหตุระบบควบคุมการเดินรถส่วนกลางหลักขัดข้องส่งผลให้รถล่าช้าจากตารางเวลา 5 นาที เวลา 13.42 น. เปลี่ยนมาใช้ระบบการควบคุมการเดินรถสำรองแทน รถไฟให้บริการ 6 ขบวน ความถี่ 10 นาที
170,ตุลาคม,15 ต.ค. 21,15.03 น.,-,สาย ARL,พญาไท,10,SRTET, จุดสับราง ,"เวลา 15.03 น.เกิดเหตุประแจสับรางขัดข้อง สถานีพญาไทฝั่งขาออกนอกเมือง ส่งผลให้รถล่าช้าจากตารางเวลา 10 นาที ต้องใช้แผนเดินรถสำรองชั่วคราว โดยสถานีพญาไท ราชปรารภ มักกะสัน ใช้ชานชาลาฝั่งขาเข้าเมืองในการรับส่งผู้โดยสารร่วมกัน
เวลา 16.10 น. ยกเลิกแผนเดินรถสำรอง เดินรถในเส้นทางปกติ ขบวนรถไฟให้บริการครบตรงตามตารางเวลา"
171,ตุลาคม,17 ต.ค. 21,17.22 น.,City03,สาย ARL,หัวหมาก,-,SRTET, ระบบเบรก ,เวลา 17.22น. ขบวนรถ City03 ระบบเบรกขัดข้อง ที่สถานีหัวหมาก ฝั่งขาเข้าเมือง ทำการขนถ่ายผู้โดยสารออกจากขบวนรถ ถอนออกจากการให้บริการ ยกเลิกเที่ยวให้บริการ 1 เที่ยว กระทบสถานีหัวหมากถึงสถานีราชปรารภ ฝั่งขาเข้าเมือง เวลา 17.38น. นำขบวนรถทดแทนให้บริการที่สถานีพญาไท รถไฟทุกขบวนให้บริการครบตรงตามตารางเวลาการเดินรถ
172,ตุลาคม,18 ต.ค. 21,07.10 น.,-,สายสีแดง,หลักหก,5,SRTET, ระบบอาณัติสัญญาณและการควบคุม ,"07.10 น. เกิดอุปกรณ์ส่งสัญญาณจากรางขัดข้อง บริเวณก่อนเข้าสถานีหลักหก ฝั่งขาเข้าเมือง สัญญาณไฟประจำที่ หมายเลข B04 ส่งผลให้ขบวนรถ T02/เที่ยว1012 ล่าช้าจากตารางเวลา 5 นาที
07.30 น. นำขบวนรถไฟสำรองมาให้บริการที่สถานีกลางบางซื่อ ฝั่งขาออกเมือง รถไฟทุกขบวนให้บริการครบตรงตามตารางเดินรถ"
173,ตุลาคม,18 ต.ค. 21,09.25 น.,18,สายสีน้ำเงิน,บางโพ,5,BEM, ระบบอาณัติสัญญาณและการควบคุม ,เวลา 09.25 น. ขบวนรถไฟฟ้าหมายเลข 18 เกิดเหตุระบบป้องกันการผิดพลาดของการเดินรถบนขบวนรถไฟฟ้าขัดข้องจำนวน 1 ขบวน ที่สถานีบางโพ ฝั่งขาขึ้น (ปลายทางสถานีท่าพระ) ดำเนินการถอนรถออกจากการให้บริการ ล่าช้า 5 นาที โดยมีขบวนรถให้บริการทดแทน สถานีได้ประชาสัมพันธ์ให้ผู้โดยสารรับทราบ ปริมาณผู้โดยสารภายในขบวนรถเบาบาง
174,ตุลาคม,19 ต.ค. 21,10.03 น.,-,สายสีแดง,บางบำหรุ-ตลิ่งชัน,-,SRTET, จุดสับราง ,10.03 น. ชุดประแจ106B ขัดข้อง ระหว่างช่วงสถานีบางบำหรุและสถานีตลิ่งชัน ฝั่งขาออกเมือง ศูนย์ควบคุมการเดินรถปรับรูปแบบการเดินรถ วิ่ง Shuttle ระหว่างตลิ่งชัน-บางบำหรุ 1 ขบวน และวิ่ง Short loop ระหว่างบางบำหรุ-บางซื่อ 2 ขบวน ใช้ ความถี่ 30 นาที ตลอดจนสิ้นสุดการให้บริการ
175,ตุลาคม,20 ต.ค. 21,06.00 น.,-,สายสีแดง,บางบำหรุ-ตลิ่งชัน,-,SRTET, จุดสับราง ,06.00 น. ชุดประแจ106B ขัดข้อง ระหว่างช่วงสถานีบางบำหรุและสถานีตลิ่งชัน ฝั่งขาออกเมือง ศูนย์ควบคุมการเดินรถปรับรูปแบบการเดินรถ วิ่ง Shuttle ระหว่างตลิ่งชัน-บางบำหรุ 1 ขบวน และวิ่ง Short loop ระหว่างบางบำหรุ-บางซื่อ 2 ขบวน ใช้ ความถี่ 30 นาที ตลอดจนสิ้นสุดการให้บริการ
176,ตุลาคม,20 ต.ค. 21,08.00 น.,18,สายสีเขียว,มหาวิทยาลัยเกษตรศาสตร์,-,BTS, ระบบประตู , 08.00 น. ขบวนรถไฟฟ้าหมายเลข 18 ระบบประตูขัดข้องที่สถานีมหาวิทยาลัยเกษตรศาสตร์ ฝั่งมุ่งหน้าสถานีปลายทางคูคต กำลังทำการแก้ไข 08.11 น. ขบวนรถไฟฟ้าหมายเลข 18 ระบบประตูขัดข้องที่สถานีมหาวิทยาลัยเกษตรศาสตร์ ฝั่งมุ่งหน้าสถานีปลายทางคูคต ไม่สามารถทำการแก้ไขได้ให้ทำการเปลี่ยนถ่ายผู้โดยสาร 08.28 น. ขบวนรถได้รับการแก้ไขและนำออกจากการให้บริการแล้ว การเดินรถในสายสุขุมวิทสามารถเดินรถได้ตามปกติ
177,ตุลาคม,21 ต.ค. 21,17.40 น.,37,สายสีน้ำเงิน,ศูนย์การประชุมแห่งชาติสิริกิติ์,4,BEM, ระบบประตู ,เวลา 17.40 น. ขบวนรถไฟฟ้าหมายเลข 37 เกิดเหตุประตูรถไฟฟ้าขัดข้อง จำนวน 1 ขบวน ที่สถานีศูนย์การประชุมแห่งชาติสิริกิติ์ ฝั่งขาล่อง (ปลายทางสถานีหลักสอง) ดำเนินการถอนรถออกจากการให้บริการ ล่าช้า 4 นาที โดยมีขบวนรถให้บริการทดแทนสถานีได้ประชาสัมพันธ์ให้ผู้โดยสารรับทราบปริมาณผู้โดยสารภายในขบวนรถปานกลาง
178,ตุลาคม,22 ต.ค. 21,14.04 น.,44,สายสีน้ำเงิน,บางแค,3,BEM, ระบบขับเคลื่อนรถไฟฟ้า ,เวลา 14.04 น. ขบวนรถไฟฟ้าหมายเลข 44 เกิดเหตุระบบการขับเคลื่อนของรถไฟฟ้าขัดข้อง จำนวน 1 ขบวน ที่สถานีบางแค ฝั่งขาขึ้น (ปลายทางสถานีท่าพระ) ดำเนินการถอนรถออกจากการให้บริการ ล่าช้า 3 นาที โดยมีขบวนรถให้บริการทดแทน สถานีได้ประชาสัมพันธ์ให้ผู้โดยสารรับทราบ
179,ตุลาคม,23 ต.ค. 21,13.05 น.,40,สายสีเขียว,-,-,BTS, ระบบขับเคลื่อนรถไฟฟ้า ,13.05 ขบวนรถไฟฟ้าหมายเลข 40 ระบบขับเคลื่อนขัดข้อง ขณะนำขึ้นให้บริการในสายสุขุมวิท ส่งผลให้ขบวนรถกีดขวางเส้นทางให้บริการ กำลังทำการแก้ไข 13.20  ขบวนรถที่ขัดข้องได้รับการแก้ไข และนำออกจากการให้บริการแล้ว การเดินรถในสายสุขุมวิท สามารถเดินรถได้ตามปกติ
180,ตุลาคม,23 ต.ค. 21,15.25 น.,12,สายสีน้ำเงิน,เตาปูน,3,BEM, ระบบประตู ,เวลา 15.25 น. ขบวนรถไฟฟ้าหมายเลข 12 เกิดเหตุประตูรถไฟฟ้าขัดข้อง จำนวน 1 ขบวน ที่สถานีเตาปูน ชานชาลารถไฟฟ้าสายสีน้ำเงิน ฝั่งขาล่อง (ปลายทางสถานีหลักสอง) ดำเนินการถอนรถออกจากการให้บริการ ล่าช้า 3 นาที โดยมีขบวนรถให้บริการทดแทน สถานีได้ประชาสัมพันธ์ให้ผู้โดยสารรับทราบ
181,ตุลาคม,24 ต.ค. 21,06.05 น.,-,สายสีแดง,บางบำหรุ,10,SRTET, ระบบอาณัติสัญญาณและการควบคุม ,06.05 น. อุปกรณ์ตรวจจับนับเพลาล้อ103T และ 101BT ขัดข้อง ที่สถานีบางบำหรุ ฝั่งขาเข้าเมือง และความล่าช้าสะสม ระหว่างช่วงสถานีตลิ่งชัน และสถานีบางบำหรุ ฝั่งขาเข้าและออกเมือง จากอุปกรณ์ตรวจจับนับเพลาล้อ และสัญญาณไฟประจำที่  ขัดข้อง ส่งผลให้เกิดความล่าช้าสะสมจากตารางเวลา 10 นาที ตลอดจนสิ้นสุดให้บริการ
182,ตุลาคม,25 ต.ค. 21,14.56 น.,-,สายสีแดง,กลางบางซื่อ,16,SRTET, ระบบจ่ายไฟฟ้าขับเคลื่อน ,14.56 น.  ระบบจ่ายไฟเหนือหัว ขัดข้องที่ สถานีกลางบางซื่อชานชาลา 9และ 10 15.07 น . ทำการแก้ไขเรียบร้อย ส่งผลให้ขบวนรถ T23 เที่ยว 2077 ล่าช้า 16 นาที 15.30 น. ให้บริการตรงตามเวลาเดินรถ
183,ตุลาคม,25 ต.ค. 21,15.35 น.,-,สายสีแดง,ดอนเมือง,5,SRTET, ระบบอาณัติสัญญาณและการควบคุม ,"15.35 น. อุปกรณ์ตรวจจับนับเพลาล้อ B08AT, B08BT, B04T ขัดข้อง ที่สถานีดอนเมือง ฝั่งขาเข้าเมือง รอดำเนินการแก้ไข  ส่งผลให้เกิดความล่าช้าจากตารางเวลา 5 นาที ตลอดจนสิ้นสุดให้บริการ"
184,ตุลาคม,26 ต.ค. 21,05.30 น.,-,สาย ARL,บ้านทับช้าง-ลาดกระบัง,5,AERA1, ระบบอาณัติสัญญาณและการควบคุม ,เวลา 05.30 น.เกิดเหตุระบบอาณัติสัญญานระหว่างสถานีบ้านทับช้างและสถานีลาดกระบังฝั่งขาออกนอกเมืองขัดข้อง ส่งผลให้รถล่าช้าจากตารางเวลา 5 นาที
185,ตุลาคม,26 ต.ค. 21, 06.10 น.,-,สายสีแดง,หลักหก,9,SRTET, ระบบอาณัติสัญญาณและการควบคุม ,"06.10 น. เกิดอุปกรณ์ส่งสัญญาณจากรางขัดข้อง บริเวณก่อนเข้าสถานีหลักหก ฝั่งขาเข้าเมือง สัญญาณไฟประจำที่ หมายเลข B04 ส่งผลให้ขบวนรถ T04/เที่ยว1004 ล่าช้าจากตารางเวลา 9 นาที
06.30 น. นำขบวนรถไฟสำรองมาให้บริการที่สถานีกลางบางซื่อ ฝั่งขาออกเมือง รถไฟทุกขบวนให้บริการครบตรงตามตารางเดินรถ"
186,ตุลาคม,26 ต.ค. 21,07.00 น.,31,สายสีเขียว,ห้าแยกลาดพร้าว-หมอชิต,-,BTS, ไม่ทราบสาเหตุ ,"07.00 BTS ขบวนรถไฟฟ้าหมายเลข 31 ขัดข้องขณะขึ้นให้บริการในสายสุขุมวิท ส่งผลให้ขบวนรถกีดขวางเส้นทางให้บริการ ระหว่างสถานีห้าแยกลาดพร้าวกับสถานีหมอชิต กำลังทำการแก้ไข
07.08 BTS ปรับรูปแบบการเดินรถโดยจัดรถไฟฟ้าวิ่งให้บริการจากสถานีคูคต  ถึงสถานีปลายทางเคหะฯ  ซึ่งสถานีห้าแยกลาดพร้าว และสถานีหมอชิต จะมีความล่าช้า 08.32 BTS ขบวนรถไฟฟ้าหมายเลข 31 ทำการแก้ไขโดยนำขบวนรถไฟฟ้าหมายเลข 76 เข้าทำการช่วยเหลือนำออกจากการให้บริการ  การเดินรถในสายสุขุมวิท สามารถเดินรถได้ตามปกติ"
187,ตุลาคม,26 ต.ค. 21,08.11 น.,-,สายสีแดง,หลักหก-รังสิต,5,SRTET, ระบบอาณัติสัญญาณและการควบคุม ,"08.11 น. อุปกรณ์ตรวจจับนับเพลาล้อ B01AT, B01BT ขัดข้อง ที่ระหว่างสถานีหลักหกและรังสิตฝั่งขาออกเมือง ส่งผลให้ขบวนรถไฟ T11/เที่ยว 1021 ล่าช้าจากตารางเวลา 5 นาที"
188,ตุลาคม,26 ต.ค. 21,11.31 น.,-,สายสีแดง,การเคหะ,6,SRTET, ระบบอาณัติสัญญาณและการควบคุม ,"11.31 น. อุปกรณ์ตรวจจับนับเพลาล้อ 02AT, 102BT ขัดข้อง ที่สถานีการเคหะฝั่งขาเข้าเมือง ส่งผลให้ขบวนรถไฟ T14/เที่ยว 1048 ล่าช้าจากตารางเวลา 6 นาที 12.00 น. นำขบวนรถไฟสำรองมาให้บริการที่สถานีกลางบางซื่อ ฝั่งขาออกเมือง รถไฟทุกขบวนให้บริการครบตรงตามตารางเดินรถ"
189,ตุลาคม,28 ต.ค. 21,07.49 น.,-,สายสีแดง,หลักหก-รังสิต,5,SRTET, ระบบอาณัติสัญญาณและการควบคุม ,"07.49 น. อุปกรณ์ตรวจจับนับเพลาล้อ B01AT, B01BT ขัดข้อง ที่ระหว่างสถานีหลักหกและรังสิตฝั่งขาออกเมือง ส่งผลให้ขบวนรถไฟ T03/เที่ยว 1019 ล่าช้าจากตารางเวลา 5 นาที"
190,ตุลาคม,29 ต.ค. 21,17.34 น.,T24 ,สายสีแดง,-,,SRTET, วัสดุแปลกปลอม ,17.34 น. ทางศูนย์ควบคุมให้ขบวนรถไฟ T24 /เที่ยว 2092 ทำการตรวจสอบพื้นที่รางพบมีการสิ่งกีดขวางบนราง ไม่สามารถเคลื่อนที่ผ่านได้ 17.45 น. ทำการตรวจสอบพื้นที่นำสิ่งกีดขวางออกจากรางรถไฟเรียบร้อย
191,ตุลาคม,29 ต.ค. 21,17.47 น.,T24,สายสีแดง,บางซ่อน-กลางบางซื่อ,-,SRTET, ไม่ทราบสาเหตุ ,17.47 น. ขบวนรถไฟ T24 /เที่ยว 2092 ขัดข้องไม่สามารถเคลื่อนที่ได้ ฝั่งขาเข้าเมืองระหว่างสถานีบางซ่อนและสถานีกลางบางซื่อ  17.58 น. ขบวนรถที่ขัดข้องได้รับการแก้ไขสามารถเคลื่อนที่ให้บริการได้ตามปกติ 
192,พฤศจิกายน,1 พ.ย. 21,18.14 น.,T24,สายสีแดง,ตลิ่งชัน-บางบำหรุ ,8,SRTET, จุดสับราง ,18.14 น. ชุดประแจ106A ขัดข้อง ระหว่างช่วงสถานีตลิ่งชันและสถานีบางบำหรุ ฝั่งขาเข้าเมือง ส่งผลให้ขบวนรถ T24 /เที่ยว2101 ล่าช้าจากตารางเวลา 8 นาที 20.05 น. ขบวนรถไฟให้บริการครบตรงตามตารางเวลาเดินรถ
193,พฤศจิกายน,1 พ.ย. 21,20.30 น., Express01,สาย ARL,สุวรรณภูมิ,-,AERA1, ระบบขับเคลื่อนรถไฟฟ้า ,"เวลา 20.30 น. คนขับรถไฟ ทำกุญแจสำหรับขับรถไฟหล่น ที่ห้องคนขับ ที่สถานีสุวรรณภูมิ  รถไฟ Express 01 TN 310433   ทำการยกเลิก เที่ยวที่ออกจากสถานีสุวรรณภูมิ เวลา 20.30 น. สถานีที่ได้รับผลกระทบตั้งเเต่งสถานี สุวรรณภูมิ ถึงสถานีมักกะสันฝั่งขาเข้าเมืองไม่มีให้บริการ เเละนำรถไฟสำรองเริ่มให้บริการทดแทนที่สถานีมักกะสันฝั่งเข้าเมือง เวลา 20.54 น.
    -เวลา 21.15 น. มีรถไฟให้บริการครบตามตารางเวลา ไม่มีรถไฟล่าช้าสะสม"
194,พฤศจิกายน,3 พ.ย. 21,10.30 น.,T19,สายสีแดง,ตลิ่งชัน,9,SRTET, ระบบประตู ,10.30 น. ขบวนรถT19 /เที่ยว 2040 เกิดเหตุประตูรถไฟฟ้าขัดข้อง 1 ชุด  ที่สถานีตลิ่งชันฝั่งขาเข้าเมือง ส่งผลให้ขบวนรถไฟเที่ยว 2040 ล่าช้า 9 นาที 11.05 น. นำขบวนรถสำรองมาให้บริการแทนที่สถานีกลางบางซื่อฝั่งขาออกเมือง
195,พฤศจิกายน,3 พ.ย. 21,21.08 น.,T16,สายสีแดง,บางบำหรุ,6,SRTET, ระบบจ่ายไฟฟ้าขับเคลื่อน ,21.08 น. ขบวนรถT16 /เที่ยว 2124 เกิดแหนบรับไฟขัดข้อง ก่อนเข้าสถานีบางบำหรุ ฝั่งขาเข้าเมือง ขบวนรถสามารถเคลื่อที่ได้ถึงสถานีปลายทางบางซื่อ ส่งผลให้ขบวนรถไฟเที่ยว 2124 ล่าช้า 6 นาที 21.16 น. นำขบวนรถสำรองมาให้บริการแทนที่สถานีกลางบางซื่อฝั่งขาออกเมือง
196,พฤศจิกายน,4 พ.ย. 21,07.43 น.,T12,สายสีแดง,หลักหก,10,SRTET, วัสดุแปลกปลอม ,07.43 น. เจ้าหน้าที่สถานีหลักหก แจ้งว่าพบสุนัขมีอาการบาดเจ็บอยู่ที่รางฝั่งขาเข้าเมือง ก่อนเข้าสถานีหลักหก  07.52 เจ้าหน้าที่ลงพื้นที่เพื่อนำสุนัขออกจากบริเวณราง ส่งผลกระทบให้ขบวนรถไฟ T12/เที่ยว1018 ล่าช้าจากตารางเวลา 10 นาที
197,พฤศจิกายน,4 พ.ย. 21,10.50 น.,T01,สายสีแดง,หลักหก,8,SRTET, ระบบประตู ,10.50 น. ขบวนรถT01 /เที่ยว 1040 เกิดเหตุประตูรถไฟฟ้าขัดข้อง ที่สถานีหลักหกและสัญญาณไฟ B08 ขัดข้องต้องอนุมัติเคลื่อนที่ผ่าน ฝั่งขาเข้าเมือง ส่งผลให้ขบวนรถไฟเที่ยว 1040 ล่าช้าจากตารางเวลา 8 นาที 11.00 น. นำขบวนรถสำรองมาให้บริการแทนที่สถานีกลางบางซื่อฝั่งขาออกเมือง
198,พฤศจิกายน,4 พ.ย. 21,17.14 น.,37,สายสีน้ำเงิน,หัวลำโพง,3,BEM, ระบบเบรก ,"เวลา 17.14 น. ขบวนรถไฟฟ้าหมายเลข 37 เกิดเหตุระบบแรงดันลมขัดข้อง จำนวน 1 ขบวน ที่สถานีหัวลำโพง ฝั่งขาล่อง (ปลายทางสถานีหลักสอง) ดำเนินการถอนรถออกจากการให้บริการ ล่าช้า 3 นาที โดยมีขบวนรถให้บริการทดแทน
- สถานีได้ประชาสัมพันธ์ให้ผู้โดยสารรับทราบ"
199,พฤศจิกายน,7 พ.ย. 21,10.40 น.,T11,สายสีแดง,ดอนเมือง,6,SRTET, ระบบอาณัติสัญญาณและการควบคุม ,10.40 น. ขบวนรถไฟ T11 เกิดหน้าจอแสดงผลการขับเคลื่อนและเส้นทาง ขัดข้อง ก่อนเข้าสถานีดอนเมือง ฝั่งขาเข้าเมือง (ปลายทางสถานีกลางบางซื่อ) ส่งผลให้ขบวนรถเที่ยว 1040 ล่าช้าจากตารางเวลา 6 นาที 11.00 น. นำขบวนรถสำรองมาให้บริการแทนที่สถานีกลางบางซื่อฝั่งขาออกเมือง
200,พฤศจิกายน,7 พ.ย. 21,14.35 น.,12,สายสีเขียว,เคหะ,-,BTS, ไม่ทราบสาเหตุ ,14:35 ขบวนรถไฟฟ้าหมายเลข 12 ขัดข้องที่สถานีเคหะ ฝั่งมุ่งหน้าสถานีปลายทางคูคต ไม่สามารถทำการแก้ไขได้ ให้ทำการเปลี่ยนถ่ายผู้โดยสาร 14:55 ปรับรูปแบบการเดินรถโดยจัดรถไฟฟ้าวิ่งให้บริการจากสถานีคูคต  ถึงสถานีปลายทางเคหะฯ  ซึ่งสถานีศรีนครินทร์ สถานีแพรกษา สถานีสายลวด และสถานีเคหะฯ  ใช้ชานชาลาฝั่งมุ่งหน้าสถานีปลายทางคูคตฝั่งเดียวในการให้บริการ 15:09 ขบวนรถไฟฟ้าหมายเลข 12 ได้รับการแก้ไขเรียบร้อย การเดินรถในสายสุขุมวิท สามารถเดินรถได้ตามปกติ
201,พฤศจิกายน,7 พ.ย. 21,19.34 น.,T24,สายสีแดง,กลางบางซื่อ ,11,SRTET, ระบบอาณัติสัญญาณและการควบคุม ,19.34 น. เนื่องจากฝาตู้อุปกรณ์เปิด ก่อนเข้าสถานีกลางบางซื่อ ฝั่งขาเข้าเมือง ศูนย์ควบคุมการเดินรถ จึงอนุมัติให้ขบวนรถ T16(ขบวนรถสำรอง) ลงพื้นที่ราง ทำการปิดตู้อุปกรรณ์ ส่งผลให้ขบวนรถ T24 เที่ยว 2109 ล่าช้าจากตาราง 11 นาที 19.55 น. ให้บริการตรงตามเวลาเดินรถ
202,พฤศจิกายน,8 พ.ย. 21,21.06 น.,31,สายสีเขียว,สะพานควาย,-,BTS, ระบบเบรก ,21.06 น. BTS ขบวนรถไฟฟ้าหมายเลข 31 ระบบเบรกขัดข้องที่สถานีสะพานควาย ฝั่งมุ่งหน้าสถานีปลายทางเคหะฯ  กำลังทำการแก้ไข 21.29 น. ศูนย์ควบคุมการเดินรถจัดรถไฟฟ้าวิ่งให้บริการจากสถานีคูคต ถึงสถานีปลายทางเคหะฯ ซึ่งสถานีหมอชิต สถานีสะพานควาย และสถานีอารีย์ ใช้ชานชาลาฝั่งมุ่งหน้าสถานีปลายทางคูคต  ฝั่งเดียวในการให้บริการ 22.47 น. การเดินรถในสายสุขุมวิทสามารถเดินรถได้ตามทิศทางปกติ
203,พฤศจิกายน,10 พ.ย. 21,05.49 น.,T11,สายสีแดง,รังสิต,6,SRTET, ระบบอาณัติสัญญาณและการควบคุม ,"05.49 น. อุปกรณ์ตรวจจับนับเพลาล้อ 63T, 108T ขัดข้อง ที่สถานีรังสิตชานชาลา 3,4 และ B08AT, B08BT ก่อนเข้าสถานีดอนเมืองฝั่งขาเข้าเมือง ส่งผลให้ขบวนรถไฟ T11/เที่ยว 1004 ล่าช้าจากตารางเวลา 6 นาที 06.30 น. นำขบวนรถไฟสำรองมาให้บริการที่สถานีกลางบางซื่อ ฝั่งขาออกเมือง รถไฟทุกขบวนให้บริการครบตรงตามตารางเดินรถ"
204,พฤศจิกายน,11 พ.ย. 21,18.14 น.,City05,สาย ARL,หัวหมาก,5,AERA1, ระบบเบรก ,18.14 น.ขบวนรถ City05 ระบบเบรคฉุกเฉินทำงานโดยไม่ทราบสาเหตุ 2 ครั้ง ที่สถานีหัวหมาก ฝั่งขาออกนอกเมือง ส่งผลให้เมื่อขบวนรถถึงสถานีปลายทางสุวรรณภูมิล่าช้าจากตารางเวลา 5 นาทีเวลา 19.01 น.ขบวนรถ City05 เข้าสถานีปลายทางพญาไท สามารถให้บริการต่อได้ตามปกติ
205,พฤศจิกายน,11 พ.ย. 21,18.54 น.,-,สายสีแดง,บางบำหรุ-ตลิ่งชัน,-,SRTET, จุดสับราง ,18.54 น. ชุดประแจ106B ขัดข้อง ระหว่างช่วงสถานีบางบำหรุและสถานีตลิ่งชัน ฝั่งขาออกเมือง ศูนย์ควบคุมการเดินรถปรับรูปแบบการเดินรถ วิ่ง Shuttle ระหว่างตลิ่งชัน-บางบำหรุ 1 ขบวน และวิ่ง Short loop ระหว่างบางบำหรุ-บางซื่อ 2 ขบวน ใช้ ความถี่ 30 นาที ตลอดจนสิ้นสุดการให้บริการ
206,พฤศจิกายน,14 พ.ย. 21,06.19 น.,T24,สายสีแดง,บางบำหรุ,7,SRTET, ระบบอาณัติสัญญาณและการควบคุม ,06.19 น. ขบวนรถ T24 ตัวบันทึกข้อมูล และ ตัววัดอัตราเร่งความเร็วของรถไฟเกิดขัดข้อง ที่สถานีบางบำหรุ ฝั่งขาออกเมือง ดำเนินการถอนออกจากการให้บริการ ส่งผลให้เที่ยว 2008 ล่าช้าจากตารางเวลา 7 นาที 07.05 น. นำขบวนรถสำรองมาให้บริการแทนที่สถานีกลางบางซื่อฝั่งขาออกเมือง
207,พฤศจิกายน,15 พ.ย. 21,07.00 น.,T11,สายสีแดง,หลักหก,5,SRTET, ระบบอาณัติสัญญาณและการควบคุม ,07.00 น. ขบวนรถ T11/เที่ยว1011 ล่าช้าจากตารางเวลา 5 นาที จำนวน 1 เที่ยว เนื่องจากอุปกรณ์ส่งสัญญาณจากรางขัดข้อง บริเวณก่อนเข้าสถานีหลักหก ฝั่งขาเข้าเมือง และจากอุปกรณ์ตรวจจับนับเพลาล้อขัดข้อง ระหว่างช่วงสถานี หลักหก และ สถานีรังสิต ฝั่งขาออกเมือง
208,พฤศจิกายน,16 พ.ย. 21,14.10 น.,T13,สายสีแดง,หลักหก ,22,SRTET, ระบบขับเคลื่อนรถไฟฟ้า ,14.10 น. ขบวนรถไฟ T13 /เที่ยว 1068  ที่สถานีหลักหก ฝั่งขาเข้าเมือง เกิดระบบขับเคลื่อนขัดข้อง ขบวนรถวิ่งให้บริการต่อจนถึงสถานีปลายทางกลางบางซื่อ และ ดำเนินการถอนขบวนรถไฟออกจากการให้บริการ ส่งผลให้เที่ยว 1068 ล่าช้าจากตารางเวลา 22 นาที 14.30 น. นำขบวนรถสำรองมาให้บริการแทนที่สถานีกลางบางซื่อฝั่งขาออกเมือง
209,พฤศจิกายน,18 พ.ย. 21,06.50 น.,EX02,สาย ARL,หัวหมาก,5,AERA1, ระบบขับเคลื่อนรถไฟฟ้า ,"เวลา 06.50 น.EX02(รถเสริม)ขณะเคลื่อนที่ออกจากสถานีหัวหมากฝั่งขาออกนอกเมืองเกิดระบบขับเคลื่อนขัดข้อง ส่งผลให้รถไฟขบวน CT04 วิ่งตามมาล่าช้าจากตารางเวลา 5 นาที
เวลา 07.15 น.รถไฟให้บริการครบตรงตามตารางเวลา"
210,พฤศจิกายน,18 พ.ย. 21,13.10 น.,20,สายสีน้ำเงิน,หัวลำโพง,3,BEM, ระบบเบรก ,เวลา 13.10 น. ขบวนรถไฟฟ้าหมายเลข 20 เกิดเหตุระบบแรงดันลมขัดข้อง จำนวน 1 ขบวน ที่สถานีหัวลำโพง ฝั่งขาขึ้น (ปลายทางสถานีท่าพระ) ดำเนินการถอนรถออกจากการให้บริการ ล่าช้า 3 นาที โดยมีขบวนรถให้บริการทดแทน
211,พฤศจิกายน,18 พ.ย. 21,17.05 น.,13,สายสีน้ำเงิน,สีลม,3,BEM, ระบบประตู ,เวลา 17.05 น. ขบวนรถไฟฟ้าหมายเลข 13 เกิดเหตุประตูรถไฟฟ้าขัดข้อง จำนวน 1 ขบวน ที่สถานีสีลม ฝั่งขาขึ้น (ปลายทางสถานีท่าพระ) ดำเนินการถอนรถออกจากการให้บริการ ล่าช้า 3 นาที โดยมีขบวนรถให้บริการทดแทน
212,พฤศจิกายน,18 พ.ย. 21,17.54 น.,14,สายสีเขียว,บางหว้า,-,BTS, ระบบเบรก ,"17.54 ขบวนรถไฟฟ้าหมายเลข14 ระบบความดันลมขัดข้องที่สถานีบางหว้า ฝั่งมุ่งหน้าสถานีปลายทางสนามกีฬาแห่งชาติ ไม่สามารถทำการแก้ไขได้ ต้องทำการเปลี่ยนถ่ายผู้โดยสาร
- 18.10 ขบวนรถไฟฟ้าหมายเลข 14 ยังไม่สามารถทำการแก้ไขได้ ต้องนำขบวนรถไฟฟ้าหมายเลข 33 เข้ามาทำการช่วยเหลือ
- 18.48 การเดินรถในสายสีลม สามารถเดินรถได้ตามปกติ"
213,พฤศจิกายน,20 พ.ย. 21,06.30 น.,-,สายสีแดง,รังสิต,-,SRTET, ระบบอาณัติสัญญาณและการควบคุม ,"06.30 น. เนื่องจากอุปกรณ์ตรวจจับนับเพลาล้อ 63T, 108T และระบบอาณัติสัญญาณที่สถานีรังสิตขัดข้อง ศูนย์ควบคุมเปลี่ยนแผนการเดินรถโดยใช้แผนการเดินรถสำรองแบบไม่เต็มรูปแบบ 
วิ่ง Shuttle ระหว่างสถานีดอนเมือง-สถานีรังสิต 1 ขบวน และวิ่ง Short loop ระหว่างสถานีกลางบางซื่อ-สถานีดอนเมือง 2 ขบวน ใช้ ความถี่ 20 นาที"
214,พฤศจิกายน,21 พ.ย. 21,14.15 น.,CT01,สาย ARL,ราชปรารภ,-,AERA1, ระบบเบรก ,เวลา 14.15 น.CT01ออกจากสถานีราชปรารภฝั่งขาเข้าเมืองระบบเบรคขัดข้อง ทำการขนถ่ายผู้โดยสารออกจากขบวนรถที่สถานีพญาไท ส่งผลให้ยกเลิกจากสถานีพญาไท รอบ 14.19 น.มีผลกระทบฝั่งขาออกนอกเมืองตั้งแต่สถานีพญาไทถึงสถานีมักกะสัน โดยมีขบวนรถไฟให้บริการทดแทน เวลา 14.28 น.รถไฟให้บริการครบตรงตามตารางเวลา
215,พฤศจิกายน,21 พ.ย. 21,18.45 น.,T04,สายสีแดง,กลางบางซื่อ,5,SRTET, ระบบเบรก ,18.45 น. ขบวนรถไฟ T04 เที่ยว1109 มีกลิ่นไหม้รุนแรงบริเวณตู้โดยสารที่ 5  ทำการขนถ่ายผู้โดยสารออกจากขบวนรถที่สถานีกลางบางซื่อ ส่งผลให้เที่ยว1109 ล่าช้าจากตารางเวลา 15 นาที 19.00 น. นำขบวนรถสำรองมาให้บริการแทนที่สถานีกลางบางซื่อฝั่งขาออกเมือง 19.37 น. ขบวนรถไฟให้บริการครบตรงตามตารางเวลาเดินรถ
216,พฤศจิกายน,22 พ.ย. 21,14.39 น.,T05,สายสีแดง,ดอนเมือง,6,SRTET, ระบบอาณัติสัญญาณและการควบคุม ,"14.39 น. ขบวนรถไฟ T05 เกิดโหมดขับเคลื่อนขัดข้อง ก่อนเข้าสถานีดอนเมือง ฝั่งขาเข้าเมือง ทำการแก้ไขแล้วเสร็จ ส่งผลให้ขบวนรถ เที่ยว1072 ล่าช้าจากตารางเวลา 6 นาที
15.00 น. นำขบวนรถสำรองมาให้บริการแทนที่สถานีกลางบางซื่อ ฝั่งขาออกเมือง รถไฟทุกขบวนให้บริการครบตรงตามตารางเวลาเดินรถ"
217,พฤศจิกายน,22 พ.ย. 21,19.28 น.,T23,สายสีแดง,บางบำหรุ-ตลิ่งชัน,6,SRTET, จุดสับราง ,19.28 น. ชุดประแจ101A ขัดข้อง ระหว่างช่วงสถานีบางบำหรุและสถานีตลิ่งชัน ฝั่งขาออกเมือง ส่งผลให้ขบวนรถT23 เที่ยว2109 ล่าช้าจากตารางเวลา 6 นาที 19.30 น. รถไฟทุกขบวนให้บริการครบตรงตามตารางเวลาเดินรถ
218,พฤศจิกายน,23 พ.ย. 21,19.17 น.,T06,สายสีแดง,หลักหก,6,SRTET, ระบบอาณัติสัญญาณและการควบคุม ,19.17 น. ขบวนรถไฟ T06 ตัวรับข้อมูลจากตัวส่งสัญญาณ ที่ตู้ขบวน1 ขัดข้อง  ก่อนเข้าสถานีหลักหก ฝั่งขาเข้าเมือง ทำการแก้ไขแล้วเสร็จ ส่งผลให้ขบวนรถ เที่ยว1110 ล่าช้าจากตารางเวลา 6 นาที 19.50 น รถไฟทุกขบวนให้บริการครบตรงตามตารางเวลาเดินรถ
219,พฤศจิกายน,24 พ.ย. 21,07.35 น.,T04,สายสีแดง,หลักหก,5,SRTET, ระบบอาณัติสัญญาณและการควบคุม ,"07.35 น. เกิดอุปกรณ์ส่งสัญญาณจากรางขัดข้อง บริเวณก่อนเข้าสถานีหลักหก ฝั่งขาเข้าเมือง สัญญาณไฟประจำที่ หมายเลข B04 ส่งผลให้ขบวนรถ T04/เที่ยว1016 ล่าช้าจากตารางเวลา 5 นาที
08.00 น. นำขบวนรถไฟสำรองมาให้บริการที่สถานีกลางบางซื่อ ฝั่งขาออกเมือง รถไฟทุกขบวนให้บริการครบตรงตามตารางเดินรถ"
220,พฤศจิกายน,24 พ.ย. 21,08.07 น.,T08,สายสีแดง,หลักหก,6,SRTET, ระบบอาณัติสัญญาณและการควบคุม ,"08.07 น. เกิดอุปกรณ์ส่งสัญญาณจากรางขัดข้อง บริเวณก่อนเข้าสถานีหลักหก ฝั่งขาเข้าเมือง สัญญาณไฟประจำที่ หมายเลข B04 ส่งผลให้ขบวนรถ T08/เที่ยว1020 ล่าช้าจากตารางเวลา 6 นาที
08.45 น. นำขบวนรถไฟสำรองมาให้บริการที่สถานีกลางบางซื่อ ฝั่งขาออกเมือง รถไฟทุกขบวนให้บริการครบตรงตามตารางเดินรถ"
221,พฤศจิกายน,24 พ.ย. 21,08.52 น.,-,สาย ARL,พญาไท,10,AERA1, ระบบอาณัติสัญญาณและการควบคุม ," เวลา 08.52 น.เกิดเหตุอาณัติสัญญาณขัดข้อง ที่สถานีพญาไท ฝั่งขาออกนอกเมือง ส่งผลให้รถล่าช้าจากตารางเวลา 10 นาที
- เวลา 10.20 น.เจ้าหน้าที่ทำการแก้ไขอาณัติสัญญาณที่สถานีพญาไท ฝั่งขาออกนอกเมือง แล้วเสร็จ รถไฟทุกขบวนให้บริการครบตรงตามตารางเวลาเดินรถ"
222,พฤศจิกายน,24 พ.ย. 21,12.35 น.,69,สายสีเขียว,รัชโยธิน,-,BTS, ระบบอาณัติสัญญาณและการควบคุม ,12.35 BTS ขบวนรถไฟฟ้าหมายเลข 69 ระบบอาณัติสัญญาณขัดข้องก่อนถึงจุดจอดที่สถานีรัชโยธิน  ฝั่งมุ่งหน้าสถานีปลายทางคูคต กำลังทำการแก้ไข 12.41 BTS ขบวนรถไฟฟ้าหมายเลข 69 ได้รับการแก้ไขเรียบร้อย หลังจากนั้นนำขบวนรถออกจากการให้บริการ  การเดินรถในสายสุขุมวิทสามารถเดินรถได้ตามปกติ
223,พฤศจิกายน,25 พ.ย. 21,11.15 น.,T19,สายสีแดง,ตลิ่งชัน-บางบำหรุ,8,SRTET, ระบบอาณัติสัญญาณและการควบคุม ,"11.15 น. อุปกรณ์ตรวจจับนับเพลาล้อ 101BT, 102AT ขัดข้อง ที่ระหว่างสถานีตลิ่งชันและบางบำหรุ ฝั่งขาเข้าเมือง ส่งผลให้ขบวนรถไฟ T19/เที่ยว 2045 ล่าช้าจากตารางเวลา 8 นาที 11.45 น. ทำการแก้ไขอุปกรณ์ตรวจจับนับเพลาล้อ 101BT, 102AT ที่ระหว่างสถานีตลิ่งชันและบางบำหรุแล้วเสร็จ รถไฟทุกขบวนให้บริการครบตรงตามตารางเดินรถ"
224,พฤศจิกายน,25 พ.ย. 21,14.44 น.,T16,สายสีแดง,บางบำหรุ,8,SRTET, ระบบจ่ายไฟฟ้าขับเคลื่อน ,14.44 น. ขบวนรถT16 /เที่ยว2073 เกิดระบบจ่ายไฟในขบวนรถขัดข้อง ก่อนเข้าสถานีบางบำหรุ ฝั่งขาออกเมือง สามารถเคลื่อนที่เข้าจอดที่สถานี  และทำการแก้ไข 14.55 น. ทำการแก้ไขเเล้วเสร็จ ขบวนรถสามารถเคลื่อที่ได้ถึงสถานีปลายทาง สถานีตลิ่งชัน ส่งผลให้ขบวนรถไฟ เที่ยว2073 ล่าช้า 8 นาที 15.35 น. นำขบวนรถสำรองมาให้บริการแทนที่สถานีกลางบางซื่อฝั่งขาออกเมือง รถไฟทุกขบวนให้บริการครบตรงตามตารางเดินรถ
225,พฤศจิกายน,25 พ.ย. 21,23.55 น.,City02,สาย ARL,ราชปรารภ,7,AERA1, ระบบเบรก ,เวลา 23:55 น. ขบวนรถ City02 ระบบห้ามล้อขัดข้อง ที่สถานีราชปรารภฝั่งขาออกนอกเมือง ทำการขนถ่ายผู้โดยสารออกจากขบวนรถและถอนออกจากการให้บริการ  โดยมีขบวนรถให้บริการทดแทน ล่าช้า 7 นาที เวลา 00.06 น. รถไฟทุกขบวนให้บริการครบตรงตามตารางเดินรถ
226,พฤศจิกายน,26 พ.ย. 21,05.50 น.,T22,สายสีแดง,บางบำหรุ-ตลิ่งชัน,6,SRTET, วัสดุแปลกปลอม ,05.50 น. ขบวนรถไฟ T22 /เที่ยว 2004 แจ้งว่าพบสายกราวด์ใกล้บริเวณพื้นที่ราง ระหว่างสถานีบางบำหรุและตลิ่งชัน ฝั่งขาออกเมือง 06.12 น. พนักงานขับรถไฟเก็บสายกราวด์ออกจากบริเวณพื้นที่รางเรียบร้อย ส่งผลให้ T22 /เที่ยว 2004  ล่าช้าจากตารางเวลา 6 นาที
227,พฤศจิกายน,26 พ.ย. 21,07.04 น.,T10,สายสีแดง,บางซื่อ,8,SRTET, ระบบประตู ,"07.04 น. ขบวนรถT10 /เที่ยว 1015 เกิดเหตุประตูรถไฟฟ้าขัดข้องทั้งขบวน  ที่สถานีกลางบางซื่อฝั่งขาออกเมือง
07.08 น. ทำการแก้ไขเเล้วเสร็จ ขบวนรถสามารถให้บริการได้ตามปกติ ส่งผลให้ขบวนรถไฟ T10 / เที่ยว1015 ล่าช้าจากตารางเวลา 8 นาที"
228,พฤศจิกายน,27 พ.ย. 21,06.32 น.,"T01, T05",สายสีแดง,"หลักหก, รังสิต",5,SRTET, ระบบอาณัติสัญญาณและการควบคุม ,"06.32 น. อุปกรณ์ตรวจจับนับเพลาล้อ B01AT, B01BT ขัดข้อง ที่ระหว่างสถานีหลักหกและรังสิตฝั่งขาออกเมือง ส่งผลให้ขบวนรถไฟ T01/เที่ยว 1009, T05/เที่ยว 1011 ล่าช้าจากตารางเวลา 5 นาที"
229,พฤศจิกายน,27 พ.ย. 21,13.49 น.,T02,สายสีแดง,ดอนเมือง,18,SRTET, ระบบอาณัติสัญญาณและการควบคุม ,"13.49 น. อุปกรณ์ตรวจจับนับเพลาล้อ B08AT, B08BT ขัดข้อง ที่สถานีดอนเมืองฝั่งขาเข้าเมือง ส่งผลให้ขบวนรถไฟ T02/เที่ยว 1066 ล่าช้าจากตารางเวลา 18 นาที และ T08/เที่ยว 1068 ล่าช้าจากตารางเวลา 12 นาที"
230,พฤศจิกายน,27 พ.ย. 21,17.35 น.,Express03,สาย ARL,ราชปรารภ,-,AERA1, ระบบขับเคลื่อนรถไฟฟ้า ,เวลา 17.35 น. ขบวนรถ Express03 ระบบขับเคลื่อนขัดข้อง ที่สถานีราชปรารภฝั่งขาเข้าเมือง ทำการขนถ่ายผู้โดยสารออกจากขบวนรถที่สถานีปลายทางพญาไท ถอนออกจากการให้บริการ ยกเลิกเที่ยวให้บริการที่สถานีพญาไทถึงสถานีรามคำแหง ฝั่งขาออกนอกเมือง เวลา 17.51 น. นำขบวนรถทดแทนให้บริการที่สถานีหัวหมาก ฝั่งขาออกนอกเมือง ขบวนรถไฟให้บริการครบตรงตามตารางการเดินรถ
231,พฤศจิกายน,29 พ.ย. 21,14.00 น.,T11,สายสีแดง,"ดอนเมือง, การเคหะ",12,SRTET, ระบบอาณัติสัญญาณและการควบคุม ,"14.00 น. อุปกรณ์ตรวจจับนับเพลาล้อ B08AT, B08BT, B04T ขัดข้อง ที่สถานีดอนเมือง ฝั่งขาเข้าเมือง 14.36 น. อุปกรณ์ตรวจจับนับเพลาล้อ 02AT, 102BT ขัดข้อง ที่สถานีการเคหะฝั่งขาเข้าเมือง ส่งผลให้ขบวนรถไฟ T11/เที่ยว 1068 ล่าช้าจากตารางเวลา 12 นาที 15.00 น. นำขบวนรถสำรองมาให้บริการแทนที่สถานีกลางบางซื่อฝั่งขาออกเมือง"
232,พฤศจิกายน,29 พ.ย. 21,15.02 น.,5,สายสีน้ำเงิน,สุขุมวิท,3,BEM, ระบบประตู ,เวลา 15.02 น. ขบวนรถไฟฟ้าหมายเลข 05 เกิดเหตุประตูรถไฟฟ้าขัดข้อง จำนวน 1 ขบวน ที่สถานีสุขุมวิท ฝั่งขาขึ้น (ปลายทางสถานีท่าพระ) ดำเนินการถอนรถออกจากการให้บริการ โดยมีขบวนรถไฟฟ้าให้บริการทดแทน ล่าช้า 3 นาที
233,พฤศจิกายน,29 พ.ย. 21,22.29 น.,-,สาย ARL,สุวรรณภูมิ,5,AERA1, ระบบอาณัติสัญญาณและการควบคุม ,เวลา 22.29 น. เกิดเหตุสัญญานไฟ H6141 ขัดข้องที่สถานีสุวรรณภูมิ มีผลให้รถไฟทุกขบวนฝั่งขาเข้าเมืองล่าช้า 5 นาที จนสิ้นสุดการบริการ (8 เที่ยว)
234,ธันวาคม,1 ธ.ค. 21,05.40 น.,-,สายสีแดง,บางบำหรุ,21,SRTET, ระบบอาณัติสัญญาณและการควบคุม ,"05.40 น. สถานีบางบำหรุ  อุปกรณ์ตรวจจับนับเพลาล้อ B06BT ขัดข้อง ฝั่งขาออกเมือง และ B05AT ขัดข้อง ฝั่งขาออกเมือง ส่งผลให้ขบวนรถ เที่ยว 2007 ล่าช้า 21 นาที, เที่ยว 2004 ล่าช้า 17 นาที และ ยกเลิกเที่ยวให้บริการจำนวน 2 เที่ยว  เจ้าหน้าที่กำลังดำเนินการการแก้ไข"
235,ธันวาคม,1 ธ.ค. 21,11.38 น.,-,สายสีแดง,บางบำหรุ - ตลิ่งชัน,-,SRTET, ระบบอาณัติสัญญาณและการควบคุม ,11.38 น. ระบบการบังคับสัมพันธ์ด้วยคอมพิวเตอร์ (CBI) ขัดข้อง ที่สถานี บางบำหรุ และ สถานี ตลิ่งชัน ขัดข้อง ส่งผลให้ไม่สามารถควบคุมการเดินรถได้  12.02 น. ศูนย์ควบคุมการเดิน ให้ทำการขนถ่ายผู้โดยสารออกจากขบวนรถ ที่สถานี กลางบางซื่อ เที่ยว 2043สถานี บางบำหรุ เที่ยว 2041 สถานี ตลิ่งชัน เที่ยว 2040 สายตะวันตก ยังไม่สามารถให้บริการการเดินรถได้ 15.00 น. ศูนย์ควบคุมการเดินรถไฟฟ้าสายสีแดงเปิดให้บริการสายตะวันตกเดินรถไม่เต็มรูปแบบ  เนื่องจากระบบการบังคับสัมพันธ์ด้วยคอมพิวเตอร์ (CBI) ขัดข้อง ยังไม่สามารถแก้ไขได้ ใช้รถไฟให้บริการ 2 ขบวน ความถี่ 30 นาที 17.00 น. ดำเนินการแก้ไขระบบการบังคับสัมพันธ์ด้วยคอมพิวเตอร์ (CBI)  ที่สถานีบางบำหรุและสถานีตลิ่งชัน สามารถกลับมาใช้งานได้ 17.15 น. ศูนย์ควบคุมการเดินรถกลับมาใช้แผนการเดินรถตามปกติ ขบวนรถให้บริการครบตรงตามเวลา
236,ธันวาคม,1 ธ.ค. 21,19.00 น.,T06,สายสีแดง,รังสิต,6,SRTET, ระบบประตู ,19.00 น. ขบวนรถT06 /เที่ยว 1106 เกิดเหตุประตูรถไฟฟ้าขัดข้องทั้งขบวน  ที่สถานีรังสิตฝั่งขาเข้าเมือง 19.07 น. ทำการแก้ไขเเล้วเสร็จ ขบวนรถสามารถให้บริการได้ตามปกติ ส่งผลให้ขบวนรถไฟ T06 / เที่ยว1106 ล่าช้าจากตารางเวลา 6 นาที
237,ธันวาคม,3 ธ.ค. 21,08.36 น.,-,สายสีเขียว,สนามกีฬาแห่งชาติ,-,BTS, จุดสับราง ,08.36-08.46 น. เกิดเหตุจุดสับรางขัดข้องที่บริเวณจุดกลับขบวนรถสถานีปลายทางสนามกีฬาแห่งชาติ ทำให้ขบวนรถไฟฟ้าไม่สามารถเคลื่อนที่ผ่านบริเวณดังกล่าวได้ และได้รับการแก้ไขเรียบร้อย
238,ธันวาคม,3 ธ.ค. 21,10.30 น.,19,สายสีน้ำเงิน,หัวลำโพง,3,BEM, ระบบเบรก , เวลา 10.30 น. ขบวนรถไฟฟ้าหมายเลข 19 เกิดเหตุระบบแรงดันลมขัดข้อง จำนวน 1 ขบวน ที่สถานีหัวลำโพง ฝั่งขาขึ้น (ปลายทางสถานีท่าพระ) ดำเนินการถอนรถออกจากการให้บริการ ล่าช้า 3 นาที โดยมีขบวนรถไฟฟ้าให้บริการทดแทน
239,ธันวาคม,4 ธ.ค. 21,16.28 น.,T07,สายสีแดง,การเคหะ,13,SRTET, ระบบจ่ายไฟฟ้าขับเคลื่อน ,16.28 น. ขบวนรถไฟ T07 /เที่ยว 1082 เกิดระบบหม้อแปลงไฟฟ้าขับเคลื่อนขัดข้อง ที่สถานีการเคหะ ฝั่งขาเข้าเมือง ทำการแก้ไขแล้วเสร็จ ส่งผลให้ขบวนรถ เที่ยว1082 ล่าช้าจากตารางเวลา 13 นาที 17.00 น. นำขบวนรถสำรองมาให้บริการแทนที่สถานีกลางบางซื่อ ฝั่งขาออกเมือง รถไฟทุกขบวนให้บริการครบตรงตามตารางเวลาเดินรถ
240,ธันวาคม,4 ธ.ค. 21,17.30 น.,T10,สายสีแดง,ดอนเมือง,6,SRTET, ระบบอาณัติสัญญาณและการควบคุม ,"17.30 น. อุปกรณ์ตรวจจับนับเพลาล้อ B08AT, B08BT, B04T ขัดข้อง ที่สถานีดอนเมือง ฝั่งขาเข้าเมือง  ส่งผลให้ขบวนรถไฟ T10/เที่ยว 1098 ล่าช้าจากตารางเวลา 6 นาที"
241,ธันวาคม,6 ธ.ค. 21,12.10 น.,T02,สายสีแดง,ดอนเมือง,7,SRTET, ระบบอาณัติสัญญาณและการควบคุม ,"12.10 น. อุปกรณ์ตรวจจับนับเพลาล้อ B08AT, B08BT ขัดข้อง ที่สถานีดอนเมือง ฝั่งขาเข้าเมือง  ส่งผลให้ขบวนรถไฟ T02/เที่ยว 1058 ล่าช้าจากตารางเวลา 7 นาที และ T12 / เที่ยว1060 ล่าช้าจากตารางเวลา 18 นาที ขณะทำการแก้ไข 13.05 น. เจ้าหน้าที่ทำการแก้ไขอุปกรณ์ตรวจจับนับเพลาล้อ B08AT, B08BT ขัดข้อง ที่สถานีดอนเมือง ฝั่งขาเข้าเมือง  แล้วเสร็จ 13.23 น. รถไฟทุกขบวนให้บริการครบตรงตามตารางเวลาเดินรถ"
242,ธันวาคม,6 ธ.ค. 21,17.30 น.,-,สายสีแดง,ดอนเมือง,6,SRTET, ระบบอาณัติสัญญาณและการควบคุม ,"17.30 น. อุปกรณ์ตรวจจับนับเพลาล้อ B08AT, B08BT ขัดข้อง ที่สถานีดอนเมือง ฝั่งขาเข้าเมือง  ส่งผลให้ขบวนรถไฟ เที่ยว 1092 ล่าช้าจากตารางเวลา 6 นาที / เที่ยว1100 ล่าช้าจากตารางเวลา 6 นาที และเที่ยว 1110 ล่าช้าจากตารางเวลา 8 นาที"
243,ธันวาคม,6 ธ.ค. 21,18.09 น.,62,สายสีเขียว,สำโรง,-,BTS, ระบบประตู ,18.09-18.24 น. ระบบประตูของขบวนรถไฟฟ้าหมายเลข 62 ขัดข้องที่สถานีสำโรง ฝั่งมุ่งหน้าสถานีปลายทางคูคต ไม่สามารถแก้ไขได้ และทำการเปลี่ยนถ่ายผู้โดยสาร จากนั้นนำขบวนรถออกจากการให้บริการ
244,ธันวาคม,6 ธ.ค. 21,20.21 น.,-,สายสีเขียว,-,-,BTS, ระบบอาณัติสัญญาณและการควบคุม , 20.21-20.57 น. ระบบควบคุมการเดินรถสายสุขุมวิทและสายสีลมขัดข้อง ส่งผลให้ศูนย์ควบคุมการเดินรถไม่สามารถใช้คำสั่งต่างๆในการควบคุมการเดินรถได้ ทำให้ขบวนรถต้องจอดรอที่สถานี และระหว่างสถานีนานกว่าปกติ จากนั้นระบบควบคุมการเดินรถได้รับการแก้ไขเรียบร้อย ขบวนรถไฟฟ้าทุกขบวนสามารถเคลื่อนที่ให้บริการได้ตามปกติ
245,ธันวาคม,7 ธ.ค. 21,06.10 น.,-,สายสีแดง,ดอนเมือง,30,SRTET, ระบบอาณัติสัญญาณและการควบคุม ,"06.10 น. อุปกรณ์ตรวจจับนับเพลาล้อ B08AT, B08BT ขัดข้อง ที่สถานีดอนเมือง ฝั่งขาเข้าเมือง ยังไม่สามารถดำเนินการแก้ไขได้ ส่งผลให้ขบวนรถไฟ เที่ยว 1004 ล่าช้าจากตารางเวลา 5 นาที / เที่ยว1006 ล่าช้าจากตารางเวลา 6 นาที 08.38 น. เจ้าหน้าที่ได้เข้าตรวจสอบ อุปกรณ์ตรวจจับนับเพลาล้อ B08AT, B08BT ขัดข้อง ที่สถานีดอนเมือง ฝั่งขาเข้าเมือง ยังไม่สามารถดำเนินการแก้ไขได้ และ จะทำการตรวจสอบแก้ไขอีกครั้ง หลังปิดให้บริการ อาจส่งผลให้ขบวนรถ ฝั่งขาเข้าเมือง ปลายทางสถานีกลางบางซื่อ ล่าช้าเป็นบางเที่ยวจากตารางเวลา ตลอดจนสิ้นสุดให้บริการ โดยจะแจ้งเที่ยวล่าช้าเป็นระยะ 14.00 น.  อุปกรณ์ตรวจจับนับเพลาล้อ B08AT, B08BT ขัดข้อง ยังไม่สามารถดำเนินการแก้ไขได้ ที่สถานีดอนเมือง ฝั่งขาเข้าเมือง ปลายทางสถานีกลางบางซื่อ  ส่งผลให้เกิดความล่าช้าสะสม ตลอดจนสิ้นสุดให้บริการ โดยจะแจ้งเที่ยวล่าช้าเป็นระยะ 15.00 น.  อุปกรณ์ตรวจจับนับเพลาล้อ B08AT, B08BT ขัดข้อง ยังไม่สามารถดำเนินการแก้ไขได้ ที่สถานีดอนเมือง ฝั่งขาเข้าเมือง ปลายทางสถานีกลางบางซื่อ  ส่งผลให้เกิดความล่าช้าสะสม ตลอดจนสิ้นสุดให้บริการ โดยจะแจ้งเที่ยวล่าช้าเป็นระยะ 21.10 น.  อุปกรณ์ตรวจจับนับเพลาล้อ B08AT, B08BT ขัดข้อง ยังไม่สามารถดำเนินการแก้ไขได้ ที่สถานีดอนเมือง ฝั่งขาเข้าเมือง ปลายทางสถานีกลางบางซื่อ  ส่งผลให้เกิดความล่าช้าสะสม ตลอดจนสิ้นสุดให้บริการ โดยจะแจ้งเที่ยวล่าช้าเป็นระยะ 22.10 น.  อุปกรณ์ตรวจจับนับเพลาล้อ B08AT, B08BT ขัดข้อง ยังไม่สามารถดำเนินการแก้ไขได้ ที่สถานีดอนเมือง ฝั่งขาเข้าเมือง ปลายทางสถานีกลางบางซื่อ  ส่งผลให้เกิดความล่าช้าสะสม ตลอดจนสิ้นสุดให้บริการ โดยจะแจ้งเที่ยวล่าช้าเป็นระยะ"
246,ธันวาคม,7 ธ.ค. 21,18.02 น.,3,สายสีเขียว,พญาไท,-,BTS, ไม่ทราบสาเหตุ ,"18.02 BTS ขบวนรถไฟฟ้าหมายเลข 03 ขัดข้องที่สถานีพญาไท ฝั่งมุ่งหน้าสถานีปลายทางเคหะฯ, กำลังทำการแก้ไข 18.11 BTS ขบวนรถที่ขัดข้องได้รับการแก้ไขเรียบร้อย, การเดินรถในสายสุขุมวิทสามารถเดินรถได้ตามปกติ"
247,ธันวาคม,7 ธ.ค. 21,21.24 น.,Express04,สาย ARL,สุวรรณภูมิ,-,SRTET, ระบบประตู ,เวลา 21.24 น. Express04 ประตูรถไฟขัดข้องทั้งขบวนที่สถานีสุวรรณภูมิ ส่งผลให้ยกเลิกรถไฟรอบออกจากสถานีสุวรรณภูมิ เวลา 21.24 น. ส่งผลกระทบตั้งแต่สถานีสุวรรณภูมิถึงสถานีรามคำแหงฝั่งขาเข้าเมือง และนำ City03 ให้บริการแทนที่สถานีมักกะสันเวลา 21.46 น. เวลา 21.46 น. รถไฟให้บริการครบตรงตารางเวลา
248,ธันวาคม,8 ธ.ค. 21,05.59 น.,T20,สายสีแดง,ตลิ่งชัน-บางบำหรุ,5,SRTET, ระบบเบรก ,05.59 ขบวนรถไฟฟ้าหมายเลข T20 เกิดเบรคฉุกเฉินขัดข้อง  ระหว่างสถานีตลิ่งชัน-สถานีบางบำหรุ ฝั่งขาเข้าเมือง  (ปลายทางสถานีกลางบางซื่อ) ดำเนินการแก้ไขเรียบร้อย ส่งผลให้เที่ยว 2006 ล่าช้าจากตารางเวลา 5 นาที 06.15 น. นำขบวนรถสำรองมาให้บริการแทนที่ สถานีกลางบางซื่อ ฝั่งขาออกเมือง รถไฟทุกขบวนให้บริการครบตรงตามตารางเวลาเดินรถ
249,ธันวาคม,8 ธ.ค. 21,09.27 น.,T14,สายสีแดง,กลางบางซื่อ,8,SRTET, ระบบประตู ,09.27 น. ขบวนรถT14  ประตูห้องคนขับรถไฟฟ้าขัดข้อง ไม่สามารถทำการเปิดประตูเปลี่ยนห้องขับได้ ที่บริเวณจุดกลับรถ สถานีกลางบางซื่อ ส่งผลกระทบให้ขบวนรถT06 เที่ยว1041 ล่าช้าจากตารางเวลา 8 นาที 10.00 น. ขบวนรถไฟให้บริการครบตรงตามตารางเวลาเดินรถ
250,ธันวาคม,8 ธ.ค. 21,12.53 น.,T02,สายสีแดง,หลักสี่,10,SRTET, ระบบจ่ายไฟฟ้าขับเคลื่อน ,"12.53 น. ขบวนรถไฟ T02 ระบบแปลงกระแสไฟฟ้าขับเคลื่อน ขัดข้อง ที่สถานีหลักสี่ ฝั่งขาออกเมือง 13.00 ทำการแก้ไขแล้วเสร็จ ส่งผลให้ขบวนรถ เที่ยว1061 ล่าช้าจากตารางเวลา  10 นาที
13.15 น. ขบวนรถไฟให้บริการครบตรงตามตารางเวลาเดินรถ"
251,ธันวาคม,8 ธ.ค. 21,17.06 น.,T08,สายสีแดง,รังสิต,14,SRTET, ผู้โดยสาร ,"17.06 น. ขบวนรถไฟ T08 เที่ยว 1085 แจ้งพบชายผู้บุกรุกบริเวณจุดกลับรถที่สถานีรังสิต 17.07 น. ศูนย์ควบคุมแจ้งให้เจ้าหน้าที่สถานีรังสิตเข้าตรวจสอบ 17.13 น. ศูนย์ควบคุมอนุมัติให้เจ้าหน้าที่สถานีรังสิตลงพื้นที่นำผู้บุกรุกออกจากบริเวณพื้นที่ราง 
17.24 น. ได้รับแจ้งจากเจ้าหน้าที่สถานีรังสิตว่าได้นำผู้บุกรุกออกจากบริเวณพื้นที่รางเรียบร้อยแล้ว ยืนยันพื้นที่ปลอดภัย ส่งผลให้ขบวนรถไฟ เที่ยว 1087 ล่าช้าจากตารางเวลา 14 นาที และ ขบวนรถไฟเที่ยว 1089 ล่าช้าจากตารางเวลา 11 นาที  18.00 น. รถไฟทุกขบวนให้บริการครบตรงตามตารางเวลาเดินรถ"
252,ธันวาคม,9 ธ.ค. 21,05.18 น.,T10,สายสีแดง,รังสิต - หลักหก,7,SRTET, ระบบอาณัติสัญญาณและการควบคุม ,"05.18 น. อุปกรณ์ตรวจจับนับเพลาล้อ B04T, B02T  ขัดข้อง ช่วงระหว่างสถานีรังสิต - สถานีหลักหก ฝั่งขาเข้าเมือง 05.30 น. เจ้าหน้าที่กำลังดำเนินการแก้ไข ส่งผลให้ขบวนรถไฟ T10/เที่ยว 1004 ล่าช้าจากตารางเวลา 7 นาที 06.56 น. เจ้าหน้าที่ดำเนินการแก้ไข อุปกรณ์ตรวจจับนับเพลาล้อ B04T, B02T ช่วงระหว่างสถานีรังสิต - สถานีหลักหก ฝั่งขาเข้าเมือง เสร็จเรียบร้อย เส้นทางกลับมาใช้งานได้ปกติ รถไฟทุกขบวนให้บริการตรงตามตารางเวลาเดินร"
253,ธันวาคม,9 ธ.ค. 21,09.59 น.,-,สายสีแดง,รังสิต - หลักหก,20,SRTET, ระบบอาณัติสัญญาณและการควบคุม ,"09.59 น. อุปกรณ์ตรวจจับนับเพลาล้อ B04T, B02T ช่วงระหว่างสถานีรังสิต - สถานีหลักหก ฝั่งขาเข้าเมือง ปลายทางสถานีกลางบางซื่อ  ขัดข้องอีกครั้ง กำลังดำเนินการแก้ไข  ส่งผลให้เกิดความล่าช้าสะสม  โดยจะแจ้งเที่ยวล่าช้าเป็นระยะ 11.29 น.  ขบวนรถT01 เที่ยว1050  ล่าช้า 5 นาที 12.00-14.00 น. เนื่องจาก อุปกรณ์ตรวจจับนับเพลาล้อ B04T, B02T ช่วงระหว่างสถานีรังสิต - สถานีหลักหก ฝั่งขาเข้าเมือง ยังไม่สมารถดำเนินการแก้ไขได้ ตลอดจนสิ้นสุดให้บริการ โดยจะแจ้งเที่ยวล่าช้าเป็นระยะ ส่งผลให้เกิดความล่าช้าสะสม 14.00-18.00 น. เนื่องจาก อุปกรณ์ตรวจจับนับเพลาล้อ B04T, B02T ช่วงระหว่างสถานีรังสิต - สถานีหลักหก ฝั่งขาเข้าเมือง ยังไม่สมารถดำเนินการแก้ไขได้ ตลอดจนสิ้นสุดให้บริการ โดยจะแจ้งเที่ยวล่าช้าเป็นระยะ ส่งผลให้เกิดความล่าช้าสะสม 18.00-22.00 น. เนื่องจาก อุปกรณ์ตรวจจับนับเพลาล้อ B04T, B02T ช่วงระหว่างสถานีรังสิต - สถานีหลักหก ฝั่งขาเข้าเมือง ยังไม่สามารถดำเนินการแก้ไขได้ ตลอดจนสิ้นสุดให้บริการ โดยจะแจ้งเที่ยวล่าช้าเป็นระยะ ส่งผลให้เกิดความล่าช้าสะสม"
254,ธันวาคม,10 ธ.ค. 21,06.02 น.,-,สายสีแดง,รังสิต,7,SRTET, ระบบอาณัติสัญญาณและการควบคุม ,06.02 น. ระบบตรวจจับนับเพลาล้อที่สถานีรังสิต ฝั่งขาออกเมือง ขัดข้อง และ ต้องจัดการเดินรถช่วงสถานีรังสิต โดยนายสถานี  ส่งผลให้ขบวนรถเที่ยว1004 ล่าช้าจากตารางเวลา 7 นาที
255,ธันวาคม,10 ธ.ค. 21,11.30 น.,-,สาย ARL,สุวรรณภูมิ,5,SRTET, ระบบอาณัติสัญญาณและการควบคุม ,เวลา 11.30 น.เกิดเหตุสัญญานไฟขัดข้อง ที่สถานีสุวรรณภูมิ ส่งผลให้รถล่าช้าจากตารางเวลา 5 นาที เวลา 13.18 น.เจ้าหน้าที่ทำการแก้ไขสัญญาณไฟที่สถานีสุวรรณภูมิแล้วเสร็จ รถไฟทุกขบวนให้บริการครบตรงตามตารางเวลาเดินร
256,ธันวาคม,11 ธ.ค. 21,20.10 น.,T12 ,สายสีแดง,ทุ่งสองห้อง,6,SRTET, ระบบอาณัติสัญญาณและการควบคุม ,20.10 น. ขบวนรถไฟ T12 เที่ยว 1117 เกิดมาตรแสดงความเร็วผิดพลาด ก่อนเข้าสถานีทุ่งสองห้องฝั่งขาออกเมือง (ปลายทางสถานีรังสิต) 20.16 ทำการแก้ไขแล้วเสร็จ ส่งผลให้ขบวนรถ เที่ยว1117 ล่าช้าจากตารางเวลา  6 นาที 20.21 น. นำขบวนรถสำรองมาให้บริการแทน ที่สถานีหลักหก ฝั่งขาออกเมือง รถไฟทุกขบวนให้บริการครบตรงตามตารางเวลาเดินรถ
257,ธันวาคม,11 ธ.ค. 21,21.21 น.,25,สายสีเขียว,ศาลาแดง,-,BTS, ระบบประตู ,21.21 ขบวนรถหมายเลข 25 ประตูขัดข้องที่สถานีศาลาแดง ฝั่งมุ่งหน้าสถานีปลายทางสนามกีฬาแห่งชาติ ไม่สามารถแก้ไขได้ ทำการเปลี่ยนถ่ายผู้โดยสาร จากนั้นนำขบวนรถออกจากการให้บริการ
258,ธันวาคม,11 ธ.ค. 21,00.01 น.,T01,สายสีแดง,หลักหก,9,SRTET, ระบบจ่ายไฟฟ้าขับเคลื่อน ,เวลา 00.01น. ขบวนรถไฟ T01 เที่ยว 1139 เกิดระบบไฟฟ้า400 โวลท์ขัดข้อง ขบวนรถเคลื่อนที่ไม่ได้ ที่สถานีหลักหกฝั่งขาออกเมือง (ปลายทางสถานีรังสิต) เวลา00.10น. ทำการแก้ไขแล้วเสร็จ ส่งผลให้ขบวนรถ เที่ยว1117 ล่าช้าจากตารางเวลา  9 นาที
259,ธันวาคม,12 ธ.ค. 21,12.59 น.,T23,สายสีแดง,บางซ่อน,5,SRTET, ระบบอาณัติสัญญาณและการควบคุม ,12.59 น. ขบวนรถไฟ T23 ตัวรับข้อมูลจากตัวส่งสัญญาณขัดข้องที่สถานีบางซ่อน ฝั่งขาออกเมือง ทำการแก้ไขเบื้องต้นแล้วไม่หาย ศูนย์ควบคุมทำการขนถ่ายผู้โดยสารออกที่สถานีบางซ่อน ส่งผลให้ต้องยกเลิกเที่ยว 2049 / เที่ยว 2050  และส่งผลให้เที่ยว 2051 ล่าช้าจากตารางเวลา 5 นาที 13.35 น. นำขบวนรถสำรองมาให้บริการแทนที่สถานีกลางบางซื่อ 13.40 น. รถไฟทุกขบวนให้บริการครบตรงตามตารางเวลาเดินรถ
260,ธันวาคม,13 ธ.ค. 21,22.24 น.,-,สายสีทอง,กรุงธนบุรี -คลองสาน,-,BTS, ระบบจ่ายไฟฟ้าขับเคลื่อน ,"22.24 BTS (สายสีทอง) ระบบจ่ายไฟขัดข้อง ตั้งแต่สถานีกรุงธนบุรี ถึงสถานีคลองสาน, ทำการแก้ไขเรียบร้อย"
261,ธันวาคม,17 ธ.ค. 21,18.50 น.,19,สายสีน้ำเงิน,ศูนย์การประชุมแห่งชาติสิริกิติ์,5,BEM, ระบบอาณัติสัญญาณและการควบคุม , เวลา 18.50 น. ขบวนรถไฟฟ้าหมายเลข 19 เกิดเหตุระบบอาณัติสัญญาณของขบวนรถขัดข้อง จำนวน 1 ขบวน ที่สถานีศูนย์การประชุมแห่งชาติสิริกิติ์ ฝั่งขาล่อง (ปลายทางสถานีหลักสอง) ดำเนินการถอนรถออกจากการให้บริการโดยมีขบวนรถให้บริการทดแทน ล่าช้า 5 นาที
262,ธันวาคม,17 ธ.ค. 21,18.50 น.,T07,สายสีแดง,การเคหะ,8,SRTET, ระบบอาณัติสัญญาณและการควบคุม ,"18.50 น. อุปกรณ์ตรวจจับนับเพลาล้อ 02AT, 102BT ขัดข้อง ที่สถานีการเคหะฝั่งขาเข้าเมือง ส่งผลให้ขบวนรถไฟ T07 / เที่ยว 1104 ล่าช้าจากตารางเวลา 8 นาที 19.35 น. ทำการแก้ไขอุปกรณ์ตรวจจับนับเพลาล้อ 02AT, 102BT ขัดข้อง ที่สถานีการเคหะฝั่งขาเข้าเมืองแล้วเสร็จ 20.00 น. รถไฟทุกขบวนให้บริการครบตรงตามตารางเวลาเดินรถ"
263,ธันวาคม,22 ธ.ค. 21,05.37 น.,T07,สายสีแดง,หลักหก,5,SRTET, ระบบอาณัติสัญญาณและการควบคุม ,05.37 น. เกิดอุปกรณ์ส่งสัญญาณจากรางขัดข้อง บริเวณก่อนเข้าสถานีหลักหก สัญญาณไฟประจำที่ หมายเลข B04 ฝั่งขาเข้าเมือง รถไฟต้องเคลื่อนที่ผ่านด้วยความเร็วต่ำ ส่งผลให้ขบวนรถ T07/ เที่ยว1004 ล่าช้าจากตารางเวลา 5 นาที
264,ธันวาคม,23 ธ.ค. 21,16.54 น.,T11,สายสีแดง,วัดเสมียน,5,SRTET, ระบบประตู ,16.54 น. ขบวนรถT11 สถานีวัดเสมียน ฝั่งขาออกเมือง หน้าจอแสดงผลขบวนรถไฟ โชว์ไม่ทราบสถานะ ชุดประตูไฟฟ้า 1 ชุด ได้ทำการตรวจสอบ ผลปรากฏว่า ประตูได้ทำการปิดแล้วล็อคสนิท ส่งผลให้เที่ยว 1087 ล่าช้าจากตารางเวลา 5 นาที
265,ธันวาคม,24 ธ.ค. 21,08.22 น.,T10,สายสีแดง,รังสิต,6,SRTET, ระบบอาณัติสัญญาณและการควบคุม ,"08.22 น. อุปกรณ์ตรวจจับนับเพลาล้อ 63T, 108T ขัดข้อง ที่สถานีรังสิตชานชาลา 3,4  ส่งผลให้ขบวนรถไฟ T10/เที่ยว 1028 ล่าช้าจากตารางเวลา 6 นาที และ T01/เที่ยว 1030 ล่าช้าจากตารางเวลา 9 นาที 09.32 น. ทำการแก้ไขอุปกรณ์ตรวจจับนับเพลาล้อ 63T, 108T ที่สถานีรังสิตแล้วเสร็จ ขบวนรถไฟครบตรงตามตารางเวลาเดินรถ"
266,ธันวาคม,29 ธ.ค. 21,08.26 น.,35,สายสีเขียว,คูคต,-,BTS, ไม่ทราบสาเหตุ ,08.26 ขบวนรถหมายเลข 35 ขัดข้องที่สถานีคูคต ฝั่งมุ่งหน้าสถานีปลายทางเคหะฯ ไม่สามารถแก้ไขได้ ให้ทำการเปลี่ยนถ่ายผู้โดยสาร จากนั้นนำขบวนรถออกจากการให้บริการ 08.45 BTS การเดินรถในสายสุขุมวิทสามารถเดินรถได้ตามปกติ
267,ธันวาคม,31 ธ.ค. 21,05.45 น.,T11,สายสีแดง,การเคหะ,5,SRTET, ระบบอาณัติสัญญาณและการควบคุม ,"05.45 น. อุปกรณ์ตรวจจับนับเพลาล้อ 02AT, 102BT ขัดข้อง ที่สถานีการเคหะ ฝั่งขาเข้าเมือง ส่งผลให้ขบวนรถไฟ T11 / เที่ยว 1006 ล่าช้าจากตารางเวลา 5 นาที 06.33 น. ทำการแก้ไขอุปกรณ์ตรวจจับนับเพลาล้อเสร็จเรียบร้อย  ขบวนรถไฟให้บริการครบตรงตามตารางเวลาเดินรถ"
